employee_id,first_name,last_name,email,phone_number,department_id,job_id,salary,hire_date
1,Carmelita,Bas,carmelita.bas@correo.com,+34 845 031 544,1,4,3357642,2022-04-07
2,Anunciación,Reina,anunciación.reina@outlook.com,+34922 44 24 57,1,2,4338576,2022-08-12
3,Serafina,Pérez,serafina.pérez@correo.com,+34 800532357,5,2,5118787,2022-10-15
4,Charo,Pacheco,charo.pacheco@empresa.com,+34 978 659 432,3,2,4130634,2021-10-11
5,Marcela,Rey,marcela.rey@gmail.com,+34986 06 14 66,3,2,5052566,2024-05-16
6,Dora,Roman,dora.roman@yahoo.es,+34 921 10 75 41,3,2,3264386,2023-07-27
7,Quirino,Palacio,quirino.palacio@gmail.com,+34 911397802,3,1,5514172,2025-05-16
8,Samanta,Pedrosa,samanta.pedrosa@yahoo.es,+34944592188,1,5,3741924,2021-02-15
9,Lina,Lumbreras,lina.lumbreras@empresa.com,+34 910 522 184,4,5,3364449,2024-02-20
10,Isidoro,Zapata,isidoro.zapata@gmail.com,+34 979 47 14 10,5,5,3819361,2023-08-14
11,Amaro,Tello,amaro.tello@yahoo.es,+34842723765,1,5,3546742,2023-12-12
12,Blanca,Fuertes,blanca.fuertes@gmail.com,+34949 49 05 48,1,2,5330071,2024-01-11
13,Emilia,Jaume,emilia.jaume@outlook.com,+34 943 87 87 30,4,1,5514608,2021-04-15
14,Noé,Barón,noé.barón@yahoo.es,+34924 703 911,2,2,3837948,2024-04-17
15,Casemiro,Segura,casemiro.segura@yahoo.es,+34864 841 518,2,1,6016238,2024-12-30
16,Ileana,Alonso,ileana.alonso@correo.com,+34 982 48 33 69,4,2,3072129,2022-05-30
17,Hilario,Lledó,hilario.lledó@yahoo.es,+34963 301 020,3,5,3620582,2022-04-18
18,Marc,Porras,marc.porras@gmail.com,+34980 01 12 05,3,2,5510562,2020-11-12
19,José,Tejero,josé.tejero@empresa.com,+34923 92 62 99,5,3,2353433,2021-04-11
20,Salomé,Carbajo,salomé.carbajo@yahoo.es,+34 925 18 50 51,4,2,4894421,2021-01-18
21,Chus,Carballo,chus.carballo@empresa.com,+34739 040 780,2,2,3447959,2022-01-04
22,Félix,Almansa,félix.almansa@correo.com,+34825565775,5,5,3737116,2024-10-25
23,Ramiro,Escribano,ramiro.escribano@empresa.com,+34845 283 382,2,5,4106388,2025-06-04
24,Toribio,Marin,toribio.marin@outlook.com,+34 878 34 24 82,1,5,4360702,2024-10-01
25,Alejandra,Cepeda,alejandra.cepeda@gmail.com,+34 923974463,4,2,4790748,2021-06-13
26,Teófila,Almagro,teófila.almagro@correo.com,+34 841445186,5,1,5524774,2021-09-09
27,Florentina,Aller,florentina.aller@empresa.com,+34943 14 02 41,5,5,3706508,2021-02-15
28,Adoración,Flores,adoración.flores@gmail.com,+34980 48 30 20,5,1,6175222,2022-03-07
29,Clementina,Rodrigo,clementina.rodrigo@yahoo.es,+34 988 94 99 59,4,3,2523768,2024-07-15
30,Casandra,Valera,casandra.valera@outlook.com,+34 884 77 16 12,3,4,3174395,2023-06-18
31,Cesar,Bravo,cesar.bravo@correo.com,+34 900 37 97 90,1,2,4347192,2022-08-12
32,Carmelita,Rivera,carmelita.rivera@yahoo.es,+34 824 655 598,2,5,4672676,2021-11-21
33,León,Nevado,león.nevado@yahoo.es,+34 984 866 369,5,2,4464586,2022-05-18
34,Celia,Duran,celia.duran@gmail.com,+34824449599,1,5,3903067,2021-09-03
35,Juan Antonio,Anglada,juan antonio.anglada@gmail.com,+34 937134608,3,3,5404406,2021-08-08
36,Jerónimo,Gárate,jerónimo.gárate@outlook.com,+34826 703 598,5,1,5209574,2024-05-23
37,Xavier,Rosado,xavier.rosado@gmail.com,+34 827 62 30 86,1,1,6285177,2023-08-03
38,Gabino,Talavera,gabino.talavera@correo.com,+34980360970,4,2,2942463,2023-10-21
39,Pedro,Sala,pedro.sala@correo.com,+34873922231,5,2,3448613,2020-12-06
40,Anastasio,Isern,anastasio.isern@empresa.com,+34878 88 78 92,2,2,5907255,2021-06-12
41,Quirino,Zabala,quirino.zabala@yahoo.es,+34928 349 948,3,4,9543720,2025-04-03
42,Reina,Aparicio,reina.aparicio@empresa.com,+34 823 413 471,2,5,4247131,2022-11-04
43,Xavier,Oliveras,xavier.oliveras@outlook.com,+34984 874 257,5,1,5422519,2022-08-08
44,Paula,Llamas,paula.llamas@correo.com,+34921530880,1,2,4646287,2024-07-30
45,Duilio,Valera,duilio.valera@gmail.com,+34 841 008 469,1,1,5183442,2022-06-30
46,Vanesa,Cerdá,vanesa.cerdá@yahoo.es,+34848784712,3,1,5808198,2025-04-21
47,Valerio,Cuadrado,valerio.cuadrado@empresa.com,+34879414753,5,2,4464048,2022-01-02
48,Ainoa,Nicolau,ainoa.nicolau@correo.com,+34 821625005,4,4,4713917,2024-12-13
49,Silvio,Aragonés,silvio.aragonés@empresa.com,+34 822386654,4,2,2816298,2025-10-22
50,Begoña,Morante,begoña.morante@yahoo.es,+34 942 384 507,1,4,5793372,2025-02-19
51,Salomón,Cuadrado,salomón.cuadrado@gmail.com,+34928 127 090,3,1,5563883,2022-07-12
52,Haroldo,Villena,haroldo.villena@gmail.com,+34847 572 624,5,2,3176524,2022-07-14
53,Jose Antonio,Campillo,jose antonio.campillo@empresa.com,+34847 31 97 20,3,2,4029425,2021-12-28
54,Adela,Izquierdo,adela.izquierdo@empresa.com,+34872 406 799,1,2,5705679,2022-08-31
55,Jose,Hernández,jose.hernández@empresa.com,+34862033777,5,5,3291714,2022-01-28
56,Ismael,Hurtado,ismael.hurtado@gmail.com,+34 873 893 918,2,1,6711136,2025-03-23
57,Lilia,Camps,lilia.camps@outlook.com,+34 707 88 21 27,2,4,6272009,2023-02-15
58,Rodolfo,Camacho,rodolfo.camacho@empresa.com,+34 883 439 292,1,1,5042584,2021-06-05
59,Armida,Román,armida.román@empresa.com,+34 988 17 73 72,4,3,5583875,2025-08-16
60,Quique,Aragón,quique.aragón@yahoo.es,+34 973737591,5,4,7626587,2024-09-26
61,José María,Cuenca,josé maría.cuenca@empresa.com,+34981698335,2,2,3170257,2023-07-04
62,Estela,Figueroa,estela.figueroa@gmail.com,+34 841 830 156,1,5,5015219,2023-03-30
63,Ani,Diez,ani.diez@yahoo.es,+34 846 68 59 98,4,1,4791786,2021-03-19
64,Paula,Conde,paula.conde@correo.com,+34 886 87 21 80,5,5,3452556,2021-06-10
65,Juan Manuel,Ribera,juan manuel.ribera@gmail.com,+34 900652772,1,2,2720730,2024-04-10
66,Jacinta,Tejera,jacinta.tejera@outlook.com,+34822953013,5,4,3923385,2023-03-17
67,Chus,Rocamora,chus.rocamora@outlook.com,+34 900 341 256,5,5,4633628,2025-09-17
68,Nazaret,Clemente,nazaret.clemente@gmail.com,+34 948 35 49 57,5,4,7374754,2023-10-23
69,Margarita,Marí,margarita.marí@correo.com,+34838 59 08 88,2,3,5614621,2022-09-17
70,Amado,Martín,amado.martín@yahoo.es,+34844 746 831,2,2,3450679,2024-12-19
71,Amor,Valenzuela,amor.valenzuela@yahoo.es,+34 986 907 125,1,4,5183828,2021-02-24
72,Cleto,Lasa,cleto.lasa@gmail.com,+34800 62 18 98,5,4,7142213,2025-02-03
73,Ignacia,Frutos,ignacia.frutos@gmail.com,+34 976997924,5,1,5859626,2024-01-27
74,Evaristo,Requena,evaristo.requena@yahoo.es,+34901 06 07 59,1,2,5923350,2025-01-19
75,Pilar,Páez,pilar.páez@outlook.com,+34 935274123,4,3,3174998,2023-06-14
76,Carolina,Salinas,carolina.salinas@correo.com,+34 846868572,5,3,4401685,2022-03-14
77,Débora,Tomás,débora.tomás@gmail.com,+34900 388 212,1,5,3836115,2024-05-22
78,Lázaro,Malo,lázaro.malo@outlook.com,+34 676 537 629,1,3,2538324,2020-11-12
79,Elisa,Cobos,elisa.cobos@correo.com,+34 880135295,5,2,3475617,2021-03-13
80,Julieta,Corral,julieta.corral@outlook.com,+34 886222563,3,3,2869388,2022-09-08
81,Berto,Heredia,berto.heredia@correo.com,+34981 023 652,1,4,4766084,2022-02-01
82,Claudia,Piñol,claudia.piñol@gmail.com,+34881 68 82 49,1,4,8479058,2023-09-12
83,Vito,Isern,vito.isern@gmail.com,+34827 40 40 08,3,3,5000370,2025-11-03
84,Eugenio,Heras,eugenio.heras@outlook.com,+34874 55 95 09,4,4,6696068,2021-11-13
85,Marita,Agullo,marita.agullo@correo.com,+34843 632 746,2,1,4927007,2021-07-30
86,Milagros,Román,milagros.román@correo.com,+34 882 163 916,5,1,6510112,2023-03-26
87,Nacho,Clemente,nacho.clemente@correo.com,+34854 75 64 93,1,2,4058702,2023-12-23
88,Sonia,Becerra,sonia.becerra@yahoo.es,+34 847 06 65 79,1,3,5480479,2021-05-10
89,Miguel Ángel,Solís,miguel ángel.solís@yahoo.es,+34823 405 931,1,2,4993040,2024-07-16
90,Sigfrido,Armengol,sigfrido.armengol@yahoo.es,+34974746552,4,5,5416211,2024-03-03
91,Carolina,Verdugo,carolina.verdugo@correo.com,+34949328991,2,2,5895590,2025-02-18
92,Hilda,Domínguez,hilda.domínguez@outlook.com,+34885 41 19 54,1,2,5731345,2022-03-27
93,Pilar,Peiró,pilar.peiró@outlook.com,+34 988 67 17 70,4,3,5042677,2025-04-02
94,Jose Luis,Ferrán,jose luis.ferrán@outlook.com,+34 920 41 54 62,1,3,2702672,2025-01-28
95,Amanda,Laguna,amanda.laguna@empresa.com,+34943276912,2,1,6562680,2024-05-17
96,Erasmo,Perelló,erasmo.perelló@outlook.com,+34800 807 669,2,4,5398821,2023-07-21
97,Rita,Puerta,rita.puerta@outlook.com,+34926 574 945,4,1,6127738,2021-08-19
98,María Belén,Jaume,maría belén.jaume@yahoo.es,+34 712 011 657,3,3,5350452,2024-09-22
99,Áurea,Escribano,áurea.escribano@yahoo.es,+34880539488,5,5,4107139,2021-10-10
100,María Luisa,Campoy,maría luisa.campoy@yahoo.es,+34 878384518,3,1,4934604,2022-05-06
101,Azeneth,Seco,azeneth.seco@outlook.com,+34 987985564,3,5,5628058,2024-01-16
102,Gertrudis,Acedo,gertrudis.acedo@gmail.com,+34 938 35 38 59,3,1,5988726,2024-03-23
103,Piedad,Torrens,piedad.torrens@yahoo.es,+34 953502349,5,4,7046212,2023-06-15
104,Victor,Amores,victor.amores@gmail.com,+34 879 781 413,2,4,8929556,2023-04-03
105,Noa,Santamaria,noa.santamaria@yahoo.es,+34842 745 045,1,1,6234529,2021-04-04
106,Itziar,Borrás,itziar.borrás@correo.com,+34836 17 53 79,2,5,4883138,2021-11-22
107,Cayetano,Sotelo,cayetano.sotelo@yahoo.es,+34 938 452 314,3,4,3602880,2021-12-26
108,Leandra,Mateu,leandra.mateu@correo.com,+34826110956,1,3,4595849,2025-07-10
109,Nuria,Sáez,nuria.sáez@yahoo.es,+34972 94 88 09,4,5,3862882,2022-04-18
110,Emelina,Ribes,emelina.ribes@yahoo.es,+34983 833 700,5,4,7630548,2020-12-22
111,Claudio,Madrid,claudio.madrid@outlook.com,+34 927060321,4,2,4024110,2022-06-30
112,Rufino,Castellanos,rufino.castellanos@outlook.com,+34985 77 35 25,4,5,4564955,2024-12-01
113,Demetrio,Valle,demetrio.valle@correo.com,+34 901 36 10 41,2,1,5347581,2023-02-26
114,Sergio,Perez,sergio.perez@empresa.com,+34725 10 55 45,3,5,4666438,2022-06-08
115,Roberto,Alcázar,roberto.alcázar@empresa.com,+34887 02 14 48,2,4,5992802,2024-09-24
116,Blas,Gallego,blas.gallego@correo.com,+34 876 260 927,2,4,8250378,2022-08-03
117,Trinidad,Navas,trinidad.navas@gmail.com,+34972807783,5,3,4040368,2023-01-01
118,José María,Torralba,josé maría.torralba@yahoo.es,+34949414693,2,1,6474689,2021-03-12
119,Anacleto,Iriarte,anacleto.iriarte@yahoo.es,+34 985 447 853,2,2,5454121,2023-06-16
120,Florina,Campos,florina.campos@gmail.com,+34821 201 601,4,1,5218272,2025-07-26
121,Lucas,Carreño,lucas.carreño@correo.com,+34983 761 379,5,1,5679529,2023-10-04
122,Celestina,Teruel,celestina.teruel@outlook.com,+34843 26 74 35,2,4,6328106,2023-02-17
123,Danilo,Barco,danilo.barco@outlook.com,+34 976 351 574,1,1,6637302,2024-12-06
124,Encarnacion,Benavent,encarnacion.benavent@empresa.com,+34 847 52 07 16,5,2,3118365,2022-06-03
125,Lorena,Muro,lorena.muro@empresa.com,+34 738 29 14 79,1,1,5902935,2024-09-14
126,Leandra,Ayllón,leandra.ayllón@empresa.com,+34901 035 036,5,2,5435061,2021-10-01
127,Palmira,Pozuelo,palmira.pozuelo@correo.com,+34 807023970,4,5,3884535,2021-11-08
128,Sabina,Egea,sabina.egea@correo.com,+34 746864594,5,5,4180266,2020-11-10
129,Fabio,Montesinos,fabio.montesinos@empresa.com,+34 652193598,4,2,5221138,2022-10-20
130,Marisol,Llanos,marisol.llanos@empresa.com,+34881 114 812,3,3,4927741,2025-05-06
131,Marina,Andrés,marina.andrés@correo.com,+34 832 42 90 02,3,4,7178103,2024-07-30
132,Juan Luis,Olivé,juan luis.olivé@empresa.com,+34974 532 465,2,1,6244954,2024-05-19
133,Atilio,Huertas,atilio.huertas@yahoo.es,+34 935 180 208,5,3,3305376,2021-02-28
134,Carmela,Pera,carmela.pera@gmail.com,+34 621 533 557,4,2,3025568,2021-12-29
135,Ale,Prieto,ale.prieto@outlook.com,+34 883222229,4,2,2704832,2021-09-11
136,Pascual,Merino,pascual.merino@yahoo.es,+34946 329 372,1,5,4286145,2025-08-03
137,Clemente,Martorell,clemente.martorell@outlook.com,+34947 241 583,5,4,5654508,2021-12-20
138,Pascual,Marqués,pascual.marqués@gmail.com,+34 820 607 915,1,5,4054995,2023-01-02
139,Evelia,Frutos,evelia.frutos@yahoo.es,+34922 85 13 53,4,3,4934118,2022-08-28
140,Jordi,Diéguez,jordi.diéguez@correo.com,+34 985 85 88 82,2,5,5188511,2025-03-04
141,Fernando,Terrón,fernando.terrón@empresa.com,+34884 315 677,4,2,3477792,2022-08-20
142,Berta,Angulo,berta.angulo@gmail.com,+34 702 558 765,4,4,5311948,2024-12-25
143,Dorita,Vallés,dorita.vallés@outlook.com,+34945029452,5,4,9058219,2022-07-13
144,Lucio,Lluch,lucio.lluch@correo.com,+34827 58 84 16,5,1,6668558,2025-09-30
145,Evita,Torrens,evita.torrens@correo.com,+34 712 358 423,4,1,4865835,2024-02-01
146,Macario,Teruel,macario.teruel@outlook.com,+34 871120519,3,4,4320495,2021-09-24
147,Heraclio,Estevez,heraclio.estevez@empresa.com,+34 924 52 14 54,3,3,2899663,2023-11-21
148,Jenaro,Cañizares,jenaro.cañizares@yahoo.es,+34 737 002 441,4,4,4940328,2024-08-28
149,Raimundo,Piquer,raimundo.piquer@yahoo.es,+34 878998298,5,1,5712147,2021-03-31
150,Graciela,Galan,graciela.galan@gmail.com,+34 807 730 795,1,3,2946832,2023-03-17
151,Lucas,Isern,lucas.isern@gmail.com,+34942609261,2,1,6762054,2025-09-06
152,Concha,Duque,concha.duque@gmail.com,+34984 72 09 47,2,5,3438909,2021-06-06
153,Emperatriz,Ballester,emperatriz.ballester@empresa.com,+34 985 85 07 00,2,1,5917313,2025-01-27
154,María Cristina,Pomares,maría cristina.pomares@empresa.com,+34944687607,2,3,4984520,2021-08-26
155,Sergio,Franch,sergio.franch@correo.com,+34 901 082 929,1,5,5631302,2024-07-31
156,Jorge,Villena,jorge.villena@outlook.com,+34941 084 811,1,3,2510801,2024-02-01
157,Guadalupe,Cadenas,guadalupe.cadenas@yahoo.es,+34 846 917 757,4,5,4857441,2022-12-25
158,Paca,Almansa,paca.almansa@empresa.com,+34826 84 58 22,2,2,2748415,2024-02-03
159,Leocadia,Nevado,leocadia.nevado@gmail.com,+34822775284,5,3,5297660,2021-09-13
160,Aroa,Aguiló,aroa.aguiló@gmail.com,+34944 993 996,3,5,5141945,2022-09-19
161,Juliana,Reguera,juliana.reguera@correo.com,+34 973027184,1,4,7401390,2022-10-22
162,Paulino,Antón,paulino.antón@correo.com,+34715 711 941,4,3,2152409,2025-10-26
163,Dimas,Girona,dimas.girona@empresa.com,+34 874 294 330,3,1,5631573,2024-07-28
164,Hernando,Roca,hernando.roca@empresa.com,+34985295730,5,2,4079814,2021-08-27
165,Adelina,Rius,adelina.rius@yahoo.es,+34988 12 04 61,5,5,5211022,2024-07-15
166,Ciríaco,Montserrat,ciríaco.montserrat@empresa.com,+34 942 344 561,5,4,5950515,2024-07-09
167,Juan José,Valero,juan josé.valero@yahoo.es,+34 824 242 241,1,3,5302991,2021-02-06
168,Aarón,Vall,aarón.vall@yahoo.es,+34 900 54 03 09,4,4,4719479,2024-07-11
169,Yago,Almansa,yago.almansa@correo.com,+34962 83 64 94,3,5,4832693,2025-02-25
170,Elisa,Echevarría,elisa.echevarría@gmail.com,+34 882 746 632,2,4,8617789,2024-11-16
171,Visitación,Carreras,visitación.carreras@empresa.com,+34866 406 249,3,2,3781076,2022-01-24
172,Carolina,Márquez,carolina.márquez@yahoo.es,+34923 822 179,3,3,5410407,2024-05-24
173,Yéssica,Mora,yéssica.mora@correo.com,+34 847 991 455,2,1,5813611,2024-12-21
174,Fabricio,Fuentes,fabricio.fuentes@gmail.com,+34987 04 06 62,4,2,5133805,2021-02-04
175,Sofía,Diego,sofía.diego@correo.com,+34835 20 97 10,4,2,5024678,2023-08-22
176,Elisa,Aragón,elisa.aragón@empresa.com,+34 928 37 02 18,2,1,4885781,2025-01-04
177,Samuel,Riera,samuel.riera@empresa.com,+34 933 751 552,5,2,3601012,2022-09-30
178,Verónica,Perea,verónica.perea@yahoo.es,+34 824 31 17 82,3,4,6707578,2024-09-06
179,Zoraida,Martinez,zoraida.martinez@empresa.com,+34824 373 767,4,5,3920996,2021-12-30
180,Rolando,Arnau,rolando.arnau@yahoo.es,+34871377969,1,3,3048895,2020-11-19
181,Jacinto,Agudo,jacinto.agudo@outlook.com,+34924 243 391,5,3,2553817,2024-09-29
182,Feliciano,Mosquera,feliciano.mosquera@outlook.com,+34803 29 31 72,4,2,3268352,2020-12-01
183,Dolores,Portero,dolores.portero@yahoo.es,+34 881166053,5,5,5666085,2022-08-09
184,Vinicio,Vicente,vinicio.vicente@correo.com,+34979758816,2,3,5786612,2023-02-11
185,Fortunata,Roman,fortunata.roman@yahoo.es,+34825 62 70 00,3,2,3803505,2022-01-22
186,Juan,Saldaña,juan.saldaña@gmail.com,+34 920053975,1,5,3369196,2023-03-25
187,Jose Miguel,Ríos,jose miguel.ríos@gmail.com,+34986 19 88 58,2,5,3816546,2020-11-26
188,Osvaldo,Vara,osvaldo.vara@empresa.com,+34973 75 70 81,5,1,6593623,2023-05-13
189,Sara,Aparicio,sara.aparicio@yahoo.es,+34960 64 71 70,3,4,6227529,2022-09-20
190,Flor,Rosell,flor.rosell@outlook.com,+34 823 22 90 41,4,1,5234998,2021-08-26
191,Carmela,Expósito,carmela.expósito@gmail.com,+34876 17 16 42,1,1,5559691,2024-04-05
192,Víctor,Criado,víctor.criado@correo.com,+34 872 267 711,5,1,5014305,2024-06-27
193,Sebastian,Amor,sebastian.amor@yahoo.es,+34927940623,1,1,6859106,2023-08-10
194,Bibiana,Falcón,bibiana.falcón@correo.com,+34864777622,5,4,7046910,2022-12-01
195,Carlota,Arnal,carlota.arnal@outlook.com,+34920 082 461,4,5,4054987,2025-04-02
196,Jafet,Santamaría,jafet.santamaría@yahoo.es,+34884 17 80 03,3,5,5702359,2023-02-08
197,Anastasio,Piña,anastasio.piña@correo.com,+34923506746,1,5,3189901,2021-12-13
198,Severino,Luz,severino.luz@outlook.com,+34921826032,1,2,3447092,2024-06-30
199,Adelia,Barrio,adelia.barrio@outlook.com,+34 901453153,1,2,3110687,2025-09-03
200,Begoña,Vila,begoña.vila@outlook.com,+34 886259194,5,1,5576799,2025-07-06
201,Javiera,Rivera,javiera.rivera@empresa.com,+34979 26 26 48,3,3,2227461,2025-01-29
202,Chita,Cabanillas,chita.cabanillas@yahoo.es,+34 978047630,2,4,3610623,2024-11-09
203,Valerio,Alcaraz,valerio.alcaraz@yahoo.es,+34 922 962 035,2,5,4813763,2021-10-21
204,Raimundo,Espada,raimundo.espada@empresa.com,+34610 387 912,2,1,5874802,2025-03-12
205,Vinicio,Montenegro,vinicio.montenegro@yahoo.es,+34 887 554 476,2,2,2731428,2025-04-17
206,Silvestre,Aguirre,silvestre.aguirre@yahoo.es,+34921 490 915,5,5,5050943,2023-02-12
207,Rico,Osuna,rico.osuna@yahoo.es,+34842490254,3,4,3952070,2023-04-01
208,Leyre,Andrade,leyre.andrade@empresa.com,+34 866163047,4,3,3984120,2024-03-02
209,Augusto,Almansa,augusto.almansa@empresa.com,+34 841 32 32 15,4,1,5991936,2025-06-23
210,Gonzalo,Mariño,gonzalo.mariño@yahoo.es,+34 981 76 73 70,1,5,3703681,2023-04-04
211,Marcelino,Belda,marcelino.belda@outlook.com,+34887197595,1,5,4613642,2024-12-02
212,Maura,Godoy,maura.godoy@yahoo.es,+34874 88 88 50,2,5,3135862,2022-04-24
213,Jose Miguel,Carrillo,jose miguel.carrillo@empresa.com,+34 926 000 470,3,5,4787624,2022-06-12
214,Alicia,Hervia,alicia.hervia@outlook.com,+34 821 42 94 98,4,5,4204975,2023-11-03
215,Marcio,Abella,marcio.abella@gmail.com,+34 803664290,3,4,5387922,2022-01-15
216,Feliciano,Muñoz,feliciano.muñoz@yahoo.es,+34 948 52 05 29,3,1,6560795,2023-12-17
217,Begoña,Mendoza,begoña.mendoza@empresa.com,+34 608 12 02 01,4,4,5004292,2021-11-09
218,Néstor,Casals,néstor.casals@correo.com,+34987995357,3,1,5678236,2024-10-19
219,Laura,Bru,laura.bru@yahoo.es,+34880 50 10 99,4,3,2540175,2025-08-01
220,Lorenza,Vilar,lorenza.vilar@correo.com,+34866 025 733,5,1,6122541,2022-08-29
221,Mateo,Alcázar,mateo.alcázar@empresa.com,+34880 662 845,5,4,3501617,2022-06-06
222,Lorena,Goicoechea,lorena.goicoechea@yahoo.es,+34 984 063 277,4,5,5071170,2025-10-13
223,Apolonia,Gomez,apolonia.gomez@gmail.com,+34873 80 94 25,2,2,3456018,2021-12-04
224,Juan,Goñi,juan.goñi@yahoo.es,+34 844390873,4,4,8809746,2021-09-12
225,Rosario,Bolaños,rosario.bolaños@gmail.com,+34 981 878 187,5,1,6813607,2022-01-01
226,Obdulia,Zamora,obdulia.zamora@outlook.com,+34 963647407,1,2,3617842,2025-08-18
227,Odalys,Alberto,odalys.alberto@correo.com,+34 825808119,1,4,3752081,2024-06-03
228,Reyna,Carpio,reyna.carpio@empresa.com,+34883844896,2,1,6100744,2022-01-04
229,Albert,Varela,albert.varela@empresa.com,+34702148517,3,3,4015660,2024-03-30
230,Jordán,Tejada,jordán.tejada@empresa.com,+34979 46 90 45,2,4,9448012,2024-12-02
231,Vanesa,Viana,vanesa.viana@empresa.com,+34 941 28 95 03,2,5,3417994,2022-03-24
232,Aureliano,Blanch,aureliano.blanch@correo.com,+34923 723 399,2,5,5043741,2021-12-08
233,Clemente,Alemán,clemente.alemán@gmail.com,+34 982 97 62 46,4,3,5006212,2024-03-13
234,Ciriaco,Sanz,ciriaco.sanz@yahoo.es,+34900 385 757,1,5,3749090,2021-05-22
235,Luís,Font,luís.font@yahoo.es,+34730850308,5,3,5249532,2020-12-12
236,Ariel,Morán,ariel.morán@empresa.com,+34 922760747,4,2,4120777,2021-03-13
237,Bernardita,Millán,bernardita.millán@yahoo.es,+34883 134 268,5,3,4177291,2023-10-03
238,Gilberto,Asenjo,gilberto.asenjo@empresa.com,+34717004262,2,4,9143690,2023-01-26
239,Evangelina,Alberdi,evangelina.alberdi@outlook.com,+34716 06 56 43,4,5,4061993,2024-02-12
240,Pascual,Priego,pascual.priego@gmail.com,+34 872883386,4,3,4901188,2021-06-23
241,Clarisa,Montaña,clarisa.montaña@empresa.com,+34 986 50 11 90,1,2,4301442,2023-03-31
242,María José,Lasa,maría josé.lasa@outlook.com,+34 883 908 991,3,5,5635676,2025-05-04
243,Valerio,Torrents,valerio.torrents@gmail.com,+34 880 196 626,4,4,3793836,2025-04-23
244,Blanca,Atienza,blanca.atienza@gmail.com,+34976 71 86 40,2,2,3985342,2024-06-01
245,Odalis,Sánchez,odalis.sánchez@gmail.com,+34845 022 044,3,4,8171973,2025-08-30
246,Ignacio,Barreda,ignacio.barreda@yahoo.es,+34 876 457 870,1,5,4898939,2022-04-01
247,Quirino,Merino,quirino.merino@yahoo.es,+34 923766369,3,5,4053991,2022-10-20
248,Wilfredo,Galindo,wilfredo.galindo@empresa.com,+34824871214,1,5,3124155,2024-10-26
249,Azeneth,Arteaga,azeneth.arteaga@outlook.com,+34877 021 569,1,3,5850127,2023-02-11
250,Natanael,Gimenez,natanael.gimenez@empresa.com,+34 946009553,1,1,6347523,2022-05-25
251,Noemí,Mateo,noemí.mateo@empresa.com,+34 949010537,1,2,5037240,2023-08-28
252,Azeneth,Montes,azeneth.montes@gmail.com,+34977330520,3,3,5094333,2024-12-12
253,Claudio,Gargallo,claudio.gargallo@yahoo.es,+34859 50 42 23,2,3,3722084,2020-12-09
254,Candelario,Calatayud,candelario.calatayud@correo.com,+34844 48 52 31,2,4,6787556,2022-05-18
255,María Manuela,Ángel,maría manuela.ángel@outlook.com,+34975784616,4,2,2759421,2025-05-15
256,Aníbal,Falcó,aníbal.falcó@correo.com,+34874608675,5,2,4310103,2023-01-01
257,Montserrat,Vicens,montserrat.vicens@outlook.com,+34 872 22 03 29,3,2,4174858,2025-05-08
258,Rosa,Hidalgo,rosa.hidalgo@empresa.com,+34746973935,4,3,4608816,2024-01-31
259,Marina,Larrea,marina.larrea@yahoo.es,+34879 82 60 95,4,5,3454023,2022-04-20
260,Víctor,Riquelme,víctor.riquelme@yahoo.es,+34826646931,4,5,3835508,2021-05-06
261,Benito,Exposito,benito.exposito@yahoo.es,+34985465459,2,4,8581515,2022-03-22
262,Julio,Castelló,julio.castelló@empresa.com,+34 939 171 803,4,4,3838410,2023-07-08
263,Gerardo,Oliva,gerardo.oliva@correo.com,+34 851 34 29 61,3,3,4263258,2025-04-29
264,Amaya,Pinto,amaya.pinto@gmail.com,+34880 46 95 13,5,4,4916080,2022-08-30
265,Remedios,Figueras,remedios.figueras@gmail.com,+34985 709 166,3,5,5040714,2024-10-22
266,Alfonso,Reguera,alfonso.reguera@outlook.com,+34902 62 45 94,2,5,5194087,2024-03-12
267,Isabela,Manso,isabela.manso@outlook.com,+34 841395818,2,5,3704380,2021-11-11
268,Leandro,Cañas,leandro.cañas@gmail.com,+34881 91 29 01,4,1,5358661,2024-07-27
269,Josep,Ramón,josep.ramón@gmail.com,+34842895292,2,5,4013058,2025-08-29
270,Reina,Elorza,reina.elorza@gmail.com,+34 976 18 40 50,4,3,3331696,2022-01-20
271,Hermenegildo,Gallart,hermenegildo.gallart@outlook.com,+34 826 560 216,5,2,2956419,2022-11-12
272,Brunilda,Mata,brunilda.mata@yahoo.es,+34 875 48 10 42,3,5,4383073,2025-09-07
273,Ildefonso,Portillo,ildefonso.portillo@outlook.com,+34 825480105,4,3,5537055,2021-01-17
274,Úrsula,Pareja,úrsula.pareja@yahoo.es,+34 843 866 579,4,3,5124707,2024-10-06
275,Jonatan,Lobato,jonatan.lobato@gmail.com,+34 927798412,2,2,5260011,2025-05-22
276,Juan Antonio,Jove,juan antonio.jove@empresa.com,+34973 501 039,4,5,4015528,2022-06-02
277,Araceli,Mendez,araceli.mendez@gmail.com,+34 914102108,4,3,4119672,2023-11-14
278,Isidoro,Palmer,isidoro.palmer@yahoo.es,+34963166299,3,3,4299861,2022-08-10
279,Nydia,Villanueva,nydia.villanueva@gmail.com,+34 831260437,5,2,4213105,2023-11-22
280,Ruy,Barón,ruy.barón@correo.com,+34 922533526,2,3,5541587,2025-06-08
281,María Ángeles,Casado,maría ángeles.casado@gmail.com,+34 971280829,3,4,8993017,2023-02-25
282,Elisabet,Taboada,elisabet.taboada@empresa.com,+34946 366 283,1,1,4988128,2025-07-21
283,Magdalena,Gual,magdalena.gual@yahoo.es,+34983907493,2,4,3899202,2024-06-06
284,Glauco,Boada,glauco.boada@correo.com,+34874 115 753,3,2,3906334,2023-06-02
285,Luz,Vilaplana,luz.vilaplana@correo.com,+34 900195368,2,4,6925051,2023-01-03
286,Carlito,Salcedo,carlito.salcedo@empresa.com,+34 846334653,5,1,6508136,2021-09-23
287,Ramona,Cañas,ramona.cañas@empresa.com,+34 987 81 59 73,3,3,2227748,2021-06-06
288,Manuela,Barros,manuela.barros@outlook.com,+34 954 62 36 63,2,4,6009086,2022-01-01
289,Jose Luis,Puente,jose luis.puente@yahoo.es,+34873 03 82 89,3,1,6830651,2023-03-09
290,Javiera,Céspedes,javiera.céspedes@correo.com,+34 923 291 151,3,3,2332261,2024-05-26
291,María Carmen,Bermejo,maría carmen.bermejo@outlook.com,+34880004247,4,1,6760737,2024-11-14
292,Amaya,Valera,amaya.valera@gmail.com,+34 977 45 81 36,5,2,4843555,2025-09-19
293,Jordán,Rodriguez,jordán.rodriguez@gmail.com,+34 949 128 332,2,1,6405406,2021-03-21
294,Ramiro,Hernandez,ramiro.hernandez@outlook.com,+34945 816 347,5,5,3581645,2021-02-21
295,Leticia,Berrocal,leticia.berrocal@outlook.com,+34948 927 140,2,5,3610682,2025-07-04
296,Alfredo,Navarro,alfredo.navarro@yahoo.es,+34871 97 08 33,5,2,5387756,2020-12-28
297,Lorenza,Martín,lorenza.martín@gmail.com,+34652 646 220,2,3,5328123,2023-07-03
298,Ana Belén,Carbajo,ana belén.carbajo@outlook.com,+34 947 98 73 17,2,5,3704454,2025-11-04
299,Victoria,Matas,victoria.matas@gmail.com,+34 719910359,3,1,4970662,2020-11-05
300,Pedro,Alvarado,pedro.alvarado@outlook.com,+34975 32 39 68,2,5,3902028,2025-03-07
301,Julie,Coca,julie.coca@yahoo.es,+34825174100,4,1,4959612,2022-12-06
302,Nazario,Soriano,nazario.soriano@correo.com,+34 844 394 859,4,1,6315313,2025-03-11
303,María Carmen,Diego,maría carmen.diego@empresa.com,+34825253164,1,3,4032054,2024-11-21
304,Francisco Javier,Múñiz,francisco javier.múñiz@empresa.com,+34 982 705 730,5,5,3625810,2021-11-11
305,Noé,Pascual,noé.pascual@gmail.com,+34803 102 354,1,5,3842199,2021-05-18
306,Eligia,Merino,eligia.merino@gmail.com,+34880 92 50 89,4,4,8594323,2024-02-14
307,Modesta,Fuertes,modesta.fuertes@gmail.com,+34974 761 149,4,4,7728106,2023-09-08
308,Celia,Miralles,celia.miralles@gmail.com,+34984990617,2,1,5387529,2022-10-02
309,Borja,Cantón,borja.cantón@gmail.com,+34 844 07 18 80,5,2,3485498,2020-12-28
310,Susanita,Almazán,susanita.almazán@correo.com,+34 944 732 589,5,3,3535156,2023-08-12
311,Ildefonso,Riquelme,ildefonso.riquelme@correo.com,+34 844587462,5,3,3808553,2022-02-27
312,Sarita,Sarmiento,sarita.sarmiento@empresa.com,+34 846425388,1,1,6419210,2025-02-07
313,Roxana,Cabanillas,roxana.cabanillas@correo.com,+34949 27 75 01,2,2,4059751,2021-12-10
314,Maricruz,Vidal,maricruz.vidal@empresa.com,+34 928705740,4,3,5211770,2022-04-20
315,Soraya,Domínguez,soraya.domínguez@empresa.com,+34 924 32 36 02,3,1,5366580,2022-02-14
316,Jerónimo,Canet,jerónimo.canet@yahoo.es,+34 926 99 73 60,4,3,5685537,2021-02-19
317,Jonatan,Márquez,jonatan.márquez@gmail.com,+34988742701,1,1,6503928,2021-11-27
318,Donato,Murcia,donato.murcia@empresa.com,+34717 54 87 21,3,1,6312956,2024-06-18
319,Zaida,Jordá,zaida.jordá@outlook.com,+34 828 57 90 94,5,5,3189227,2024-06-21
320,Juan Luis,Benitez,juan luis.benitez@correo.com,+34 888 41 06 15,4,3,4620728,2022-10-25
321,Maristela,Luján,maristela.luján@yahoo.es,+34 711952602,1,4,8727846,2025-01-18
322,Visitación,Esteban,visitación.esteban@yahoo.es,+34 710 45 83 41,1,5,3871433,2023-08-13
323,Marcelo,Cuadrado,marcelo.cuadrado@correo.com,+34878 981 936,4,5,3602001,2025-06-09
324,Georgina,Asensio,georgina.asensio@outlook.com,+34925 835 944,5,1,5448867,2024-07-09
325,Bernardita,Gargallo,bernardita.gargallo@yahoo.es,+34978 96 19 47,5,1,6352421,2024-02-29
326,Xavier,Garay,xavier.garay@outlook.com,+34972128698,5,4,8580560,2023-11-20
327,Martina,Baquero,martina.baquero@correo.com,+34 949 350 367,3,5,3098092,2022-07-24
328,Amaya,Montalbán,amaya.montalbán@gmail.com,+34874879972,3,2,3479033,2025-04-24
329,Francisca,Cordero,francisca.cordero@yahoo.es,+34 985 005 021,2,3,2127829,2023-04-28
330,Balduino,Llabrés,balduino.llabrés@correo.com,+34 921 89 70 43,1,4,3600386,2020-12-06
331,Anita,Lara,anita.lara@gmail.com,+34 946 076 994,4,5,3608470,2022-11-01
332,Germán,Ruiz,germán.ruiz@empresa.com,+34 944306641,3,3,2695957,2021-04-05
333,Alondra,Belmonte,alondra.belmonte@yahoo.es,+34 823 59 23 79,1,5,4638234,2024-05-25
334,Amada,Velázquez,amada.velázquez@outlook.com,+34958 458 982,1,2,5261064,2023-08-22
335,Hernando,Higueras,hernando.higueras@gmail.com,+34879 89 98 47,4,3,3768742,2022-11-03
336,Brígida,Balaguer,brígida.balaguer@empresa.com,+34901602766,3,5,4221618,2024-04-16
337,Ainara,Agullo,ainara.agullo@outlook.com,+34980625975,4,5,3334702,2022-09-02
338,Calista,Leal,calista.leal@gmail.com,+34844 13 57 12,5,3,4651536,2021-05-02
339,Jafet,Oller,jafet.oller@empresa.com,+34 921 44 53 06,1,5,4829840,2025-07-26
340,Glauco,Pedro,glauco.pedro@outlook.com,+34 941614500,1,4,9474988,2021-08-27
341,Aránzazu,Mena,aránzazu.mena@gmail.com,+34633222506,2,2,3583285,2023-09-14
342,Daniela,Amorós,daniela.amorós@outlook.com,+34 812 78 99 36,1,3,3191744,2024-05-03
343,Demetrio,Reguera,demetrio.reguera@gmail.com,+34745218281,2,4,7950366,2023-04-27
344,Santiago,Elías,santiago.elías@outlook.com,+34981 375 264,2,4,6573433,2021-08-15
345,Felipe,Martinez,felipe.martinez@correo.com,+34 846012954,3,5,5278995,2023-04-05
346,Jose Carlos,Alsina,jose carlos.alsina@gmail.com,+34900 90 05 74,1,4,8687213,2023-01-17
347,Chema,Ribes,chema.ribes@empresa.com,+34806679432,1,1,5689032,2024-05-15
348,Ovidio,Peralta,ovidio.peralta@yahoo.es,+34 824419384,4,5,4187139,2023-05-18
349,Victor Manuel,López,victor manuel.lópez@empresa.com,+34 923 90 82 18,1,3,2537365,2023-06-19
350,Maricela,Teruel,maricela.teruel@yahoo.es,+34835603407,5,2,5434711,2024-04-06
351,Sancho,Vazquez,sancho.vazquez@empresa.com,+34841 584 970,1,3,2435820,2025-08-08
352,Curro,Cal,curro.cal@outlook.com,+34971 02 78 06,5,4,6934882,2022-12-04
353,Selena,Alvarado,selena.alvarado@gmail.com,+34986364492,3,4,8743464,2022-01-04
354,Lidia,Guzmán,lidia.guzmán@outlook.com,+34 880 630 008,1,3,5030404,2023-06-22
355,Chuy,Paz,chuy.paz@correo.com,+34 826 597 880,2,1,5844228,2023-06-25
356,Heraclio,Casanovas,heraclio.casanovas@yahoo.es,+34939953550,2,3,4836131,2022-01-03
357,Elpidio,Fuertes,elpidio.fuertes@outlook.com,+34886 88 64 08,2,1,5002733,2025-04-11
358,Josep,Ayllón,josep.ayllón@outlook.com,+34925177796,1,5,3440226,2024-01-21
359,Aitor,Mayoral,aitor.mayoral@outlook.com,+34 986 855 522,5,4,6132743,2024-10-20
360,Heraclio,Sosa,heraclio.sosa@correo.com,+34847446898,5,4,7527326,2022-07-14
361,Ismael,Mínguez,ismael.mínguez@correo.com,+34 926209968,3,3,5350054,2021-05-13
362,Leandro,Díaz,leandro.díaz@outlook.com,+34842357816,4,4,3592043,2022-06-01
363,Felix,Cruz,felix.cruz@yahoo.es,+34 823 298 277,3,3,4325618,2025-05-25
364,Urbano,Cobo,urbano.cobo@correo.com,+34807 449 222,4,1,5361892,2021-08-18
365,Casemiro,Cantero,casemiro.cantero@gmail.com,+34 942102136,3,1,5489662,2025-03-28
366,Enrique,Roldán,enrique.roldán@gmail.com,+34987 743 359,5,1,6029112,2024-11-09
367,Bárbara,Gil,bárbara.gil@empresa.com,+34803 551 415,1,4,6880032,2021-04-02
368,Ana Sofía,Lara,ana sofía.lara@empresa.com,+34972 665 912,3,5,4788510,2021-12-06
369,Santos,Codina,santos.codina@correo.com,+34946 875 019,1,4,6372991,2024-03-13
370,Ceferino,Estevez,ceferino.estevez@empresa.com,+34880 290 447,3,1,6458355,2021-09-19
371,Florencia,Neira,florencia.neira@gmail.com,+34 887 489 841,1,5,4773080,2021-03-14
372,Lupe,Amat,lupe.amat@outlook.com,+34837 18 08 22,5,4,9516985,2023-09-25
373,Sonia,Tamayo,sonia.tamayo@correo.com,+34 827055926,3,5,3456105,2022-05-14
374,Sara,Perera,sara.perera@yahoo.es,+34888 49 68 12,3,4,5778391,2024-12-10
375,Jordana,Llabrés,jordana.llabrés@correo.com,+34 948725076,3,1,6410734,2021-03-21
376,Corona,Pujol,corona.pujol@gmail.com,+34875633759,4,3,2459761,2022-11-07
377,Máximo,Fuente,máximo.fuente@yahoo.es,+34 943135606,5,3,4822442,2022-02-03
378,Amada,Verdú,amada.verdú@outlook.com,+34873 34 71 77,2,3,2410933,2024-05-15
379,Merche,Pardo,merche.pardo@yahoo.es,+34842 079 494,4,3,5738496,2025-08-08
380,Norberto,Terrón,norberto.terrón@outlook.com,+34 943 71 26 13,1,5,4942523,2022-03-18
381,Fernanda,Cornejo,fernanda.cornejo@yahoo.es,+34886 143 685,3,5,4044992,2022-03-20
382,Ruth,Alberto,ruth.alberto@outlook.com,+34 807 857 697,4,5,3279674,2025-04-29
383,Dorita,Solé,dorita.solé@correo.com,+34823880282,3,3,2173356,2024-10-22
384,Yésica,Rodrigo,yésica.rodrigo@outlook.com,+34847 22 13 43,4,2,3732587,2025-02-15
385,Plácido,Donoso,plácido.donoso@outlook.com,+34 878724920,2,2,6170442,2023-04-09
386,Reinaldo,Rubio,reinaldo.rubio@gmail.com,+34825150153,1,3,5275638,2023-09-06
387,Guiomar,Milla,guiomar.milla@correo.com,+34 872 33 83 91,5,5,5283766,2024-08-24
388,Ángela,Aznar,ángela.aznar@gmail.com,+34 828 36 71 81,5,3,5395660,2023-12-18
389,Maristela,Menendez,maristela.menendez@outlook.com,+34822 38 52 89,2,5,4045102,2020-11-23
390,Ángela,Morera,ángela.morera@outlook.com,+34 963 904 158,2,5,5213304,2025-05-25
391,Pacífica,Duque,pacífica.duque@empresa.com,+34948 64 11 11,2,1,5581927,2023-07-11
392,María Pilar,Alcázar,maría pilar.alcázar@empresa.com,+34878379829,4,5,3797067,2023-01-11
393,Elpidio,Carrión,elpidio.carrión@outlook.com,+34 979 339 185,4,5,3673418,2023-06-12
394,Consuelo,Fonseca,consuelo.fonseca@outlook.com,+34825 281 516,5,3,4651870,2023-04-24
395,Mónica,Ortega,mónica.ortega@empresa.com,+34 800 161 410,4,4,8094360,2025-10-04
396,Montserrat,Vilanova,montserrat.vilanova@correo.com,+34 886266733,2,5,4158433,2024-12-13
397,Arsenio,Cortés,arsenio.cortés@outlook.com,+34976028648,3,5,3401123,2023-01-09
398,Néstor,Duran,néstor.duran@gmail.com,+34 986 991 060,5,4,8766533,2022-10-26
399,Eloy,Carrillo,eloy.carrillo@gmail.com,+34942 66 86 57,3,5,5327125,2022-11-23
400,Marc,Moya,marc.moya@gmail.com,+34 979682918,5,2,3477258,2025-09-20
401,Paula,Zapata,paula.zapata@outlook.com,+34 973 52 16 09,2,4,3742477,2023-12-25
402,Toribio,Ordóñez,toribio.ordóñez@empresa.com,+34 920 521 696,4,3,5598722,2021-12-13
403,Basilio,Sanabria,basilio.sanabria@gmail.com,+34824 712 839,2,4,6377100,2022-01-26
404,Yaiza,Valentín,yaiza.valentín@empresa.com,+34 979 10 71 25,1,1,5503188,2025-06-05
405,Segismundo,Granados,segismundo.granados@yahoo.es,+34 849 74 25 59,3,1,6520147,2025-10-22
406,Estefanía,Carpio,estefanía.carpio@outlook.com,+34 821131055,4,2,2608815,2024-11-29
407,Martirio,Sobrino,martirio.sobrino@outlook.com,+34731481774,1,4,6034166,2022-03-12
408,Jerónimo,Amador,jerónimo.amador@gmail.com,+34 924485355,2,1,5242546,2021-01-15
409,Roldán,Zurita,roldán.zurita@correo.com,+34827 679 988,1,5,4453266,2025-05-12
410,Juan Bautista,Peralta,juan bautista.peralta@yahoo.es,+34 888 36 00 06,1,2,3582291,2025-10-05
411,Wilfredo,Santamaria,wilfredo.santamaria@outlook.com,+34826 39 34 45,5,4,7256464,2021-03-02
412,Alba,Chaves,alba.chaves@empresa.com,+34900966167,4,1,4924782,2022-08-27
413,América,Barrera,américa.barrera@correo.com,+34 888065936,5,5,3071561,2024-03-15
414,Jose Ramón,Torrecilla,jose ramón.torrecilla@correo.com,+34 881 823 610,3,2,5128137,2025-02-07
415,Juanito,Vilar,juanito.vilar@empresa.com,+34944 22 82 50,2,1,6028677,2022-10-28
416,Brunilda,Requena,brunilda.requena@correo.com,+34946772485,1,4,4356357,2024-04-07
417,Coral,Cruz,coral.cruz@correo.com,+34 887347292,5,3,2359030,2022-08-22
418,Elvira,Calzada,elvira.calzada@correo.com,+34 744 362 080,5,5,5152151,2021-11-25
419,Miguela,Medina,miguela.medina@correo.com,+34 876 30 00 49,4,1,5537230,2020-12-10
420,Alba,Zorrilla,alba.zorrilla@gmail.com,+34 858321804,3,4,9453115,2021-06-25
421,Cándida,Hoz,cándida.hoz@gmail.com,+34 819535110,3,3,5065708,2021-07-12
422,Gustavo,Arroyo,gustavo.arroyo@outlook.com,+34 885075220,3,1,6371907,2022-08-06
423,Raimundo,Rovira,raimundo.rovira@outlook.com,+34 877 19 65 13,3,1,5453653,2021-01-02
424,Ezequiel,Vazquez,ezequiel.vazquez@outlook.com,+34 900 10 13 85,4,4,9451701,2023-05-16
425,Candela,Barón,candela.barón@outlook.com,+34 925825370,4,2,2700653,2025-02-21
426,Aníbal,Caro,aníbal.caro@gmail.com,+34912 175 191,2,3,2861854,2023-10-10
427,Roxana,Méndez,roxana.méndez@gmail.com,+34 874 049 596,5,3,5609607,2024-09-29
428,Fabricio,Vall,fabricio.vall@empresa.com,+34 888 956 875,1,5,4306345,2022-12-02
429,Saturnina,Recio,saturnina.recio@outlook.com,+34 824325057,1,3,3445301,2021-12-29
430,Cesar,Jaén,cesar.jaén@yahoo.es,+34703018297,3,3,2572292,2020-12-30
431,Encarnacion,Arranz,encarnacion.arranz@empresa.com,+34825 35 12 88,4,4,7926566,2025-10-15
432,Tere,Conesa,tere.conesa@yahoo.es,+34 742 184 997,4,2,4304681,2022-07-12
433,Paulina,Arranz,paulina.arranz@yahoo.es,+34 846 45 41 22,1,5,3747868,2025-06-20
434,Oriana,Santana,oriana.santana@empresa.com,+34980506978,2,1,5625185,2024-07-19
435,Asdrubal,Casal,asdrubal.casal@correo.com,+34883 782 618,1,3,3311016,2022-02-15
436,Belen,Valls,belen.valls@yahoo.es,+34 921547109,5,3,3255760,2024-05-09
437,Noa,Macías,noa.macías@empresa.com,+34 815840278,3,2,5021550,2022-03-13
438,Rogelio,Cabello,rogelio.cabello@empresa.com,+34823612222,3,1,6274021,2021-10-20
439,Maximiano,Haro,maximiano.haro@correo.com,+34 925 70 22 30,1,4,4916561,2024-07-20
440,Lorena,Saavedra,lorena.saavedra@gmail.com,+34927 024 058,2,4,5486490,2022-03-18
441,Encarnacion,Malo,encarnacion.malo@gmail.com,+34 827 67 18 06,4,2,5610065,2022-01-24
442,Dolores,Mir,dolores.mir@gmail.com,+34 920318413,3,2,2715960,2024-10-27
443,Iker,Castilla,iker.castilla@yahoo.es,+34925 41 32 97,1,4,9250380,2025-06-17
444,Calixto,Bru,calixto.bru@correo.com,+34 884546448,3,2,4981912,2023-08-07
445,Angelino,Bosch,angelino.bosch@yahoo.es,+34 800 13 37 85,5,4,8053559,2021-11-06
446,Dora,Chamorro,dora.chamorro@outlook.com,+34978 768 646,3,5,4018702,2025-09-09
447,Luís,Patiño,luís.patiño@yahoo.es,+34971571154,1,2,6024312,2023-07-24
448,Manola,Castejón,manola.castejón@outlook.com,+34 927469812,5,4,6478159,2022-08-14
449,Rosario,Guillen,rosario.guillen@gmail.com,+34 975 008 039,4,3,5014808,2021-06-01
450,Régulo,Navarrete,régulo.navarrete@outlook.com,+34949 064 191,4,5,3798820,2022-03-21
451,Prudencia,Luís,prudencia.luís@outlook.com,+34 824420171,1,1,4979260,2022-12-25
452,Caridad,Amorós,caridad.amorós@empresa.com,+34883761390,4,2,5795279,2021-01-19
453,Lorenza,Rebollo,lorenza.rebollo@gmail.com,+34944 52 98 12,1,3,4612567,2020-11-15
454,Fabiana,Iglesia,fabiana.iglesia@correo.com,+34845622430,3,5,3811751,2021-07-02
455,Odalys,Ribas,odalys.ribas@outlook.com,+34823 21 94 32,5,2,5406468,2022-02-07
456,Berto,Tejada,berto.tejada@outlook.com,+34886426802,2,1,6839861,2023-09-07
457,Azahar,Oliver,azahar.oliver@outlook.com,+34819439454,5,4,3322334,2020-11-25
458,Rosalva,Peña,rosalva.peña@correo.com,+34 973 995 753,5,3,3859960,2021-07-17
459,Melchor,Alemán,melchor.alemán@outlook.com,+34842164042,1,5,5416513,2023-03-16
460,Quique,Teruel,quique.teruel@yahoo.es,+34883 334 958,4,4,9572267,2021-05-14
461,Eliseo,Vicente,eliseo.vicente@correo.com,+34 972 008 508,5,4,8092601,2022-09-21
462,José,Gelabert,josé.gelabert@gmail.com,+34902894198,1,2,6068235,2024-06-15
463,Jose Francisco,Garcés,jose francisco.garcés@empresa.com,+34 848 141 121,3,4,7520747,2020-11-24
464,Miguel Ángel,Serrano,miguel ángel.serrano@outlook.com,+34 969 061 591,2,5,4755967,2023-09-30
465,Asunción,Adán,asunción.adán@outlook.com,+34 981100100,1,4,6382601,2022-06-04
466,Ágata,Diaz,ágata.diaz@gmail.com,+34725 14 06 83,2,5,3440620,2022-08-25
467,Gisela,Palomar,gisela.palomar@outlook.com,+34 924 20 39 33,2,3,5614740,2023-03-22
468,Camilo,Capdevila,camilo.capdevila@yahoo.es,+34747 06 08 79,1,5,5445370,2025-03-16
469,José Antonio,Aguirre,josé antonio.aguirre@yahoo.es,+34883728656,5,2,4818936,2024-03-31
470,Francisco Javier,Martinez,francisco javier.martinez@yahoo.es,+34 880 788 106,5,2,4781772,2024-09-10
471,Alba,Nogués,alba.nogués@correo.com,+34977712124,2,1,5782825,2023-06-03
472,Sabina,Girón,sabina.girón@correo.com,+34 988 12 15 81,5,5,3443805,2023-01-08
473,Estela,Checa,estela.checa@correo.com,+34 982502099,5,3,5268509,2025-06-14
474,María Teresa,Cabeza,maría teresa.cabeza@gmail.com,+34986 16 29 63,5,1,4859867,2022-11-30
475,Juan Luis,Jara,juan luis.jara@yahoo.es,+34 837448854,4,2,5307445,2023-10-12
476,Buenaventura,Marco,buenaventura.marco@correo.com,+34 625 060 079,5,1,5772891,2023-04-06
477,Dani,Mancebo,dani.mancebo@yahoo.es,+34739 731 740,4,3,3918307,2023-07-05
478,Angelina,Osorio,angelina.osorio@yahoo.es,+34875 41 03 27,1,4,3622138,2024-08-10
479,Charo,Tudela,charo.tudela@outlook.com,+34 921464528,4,4,5822392,2022-03-14
480,Albert,Giner,albert.giner@outlook.com,+34923 69 17 10,3,3,4382845,2024-07-12
481,Fito,Carrillo,fito.carrillo@yahoo.es,+34856 689 001,2,3,5767325,2024-11-22
482,María Fernanda,Sacristán,maría fernanda.sacristán@yahoo.es,+34 986 862 110,3,5,4544814,2025-04-12
483,Alicia,Puerta,alicia.puerta@outlook.com,+34 911 01 80 15,4,4,3940307,2022-02-25
484,Elba,Pulido,elba.pulido@outlook.com,+34 828418496,3,2,2825505,2025-10-01
485,Isabela,Fajardo,isabela.fajardo@empresa.com,+34 749674239,2,5,4157011,2023-09-29
486,Matías,Solana,matías.solana@yahoo.es,+34 984280272,2,5,4975744,2024-09-05
487,Florencio,Uría,florencio.uría@outlook.com,+34800 62 43 83,4,4,9548985,2021-06-06
488,Bonifacio,Adadia,bonifacio.adadia@empresa.com,+34878 20 73 50,1,3,3972473,2025-10-03
489,Socorro,Merino,socorro.merino@empresa.com,+34820644038,2,5,4262654,2023-01-16
490,Simón,Rozas,simón.rozas@outlook.com,+34 977401664,1,5,3980724,2022-01-11
491,Macario,Luque,macario.luque@yahoo.es,+34744413411,4,4,6990410,2021-04-21
492,Tadeo,Calatayud,tadeo.calatayud@yahoo.es,+34 978 27 05 17,1,5,3049247,2020-11-27
493,Amada,Badía,amada.badía@empresa.com,+34975642490,3,2,5735195,2022-09-07
494,Juan Bautista,Fajardo,juan bautista.fajardo@empresa.com,+34972 974 802,1,3,2274782,2023-01-07
495,Gustavo,Almagro,gustavo.almagro@correo.com,+34 887 029 796,5,5,3553137,2024-02-07
496,Camilo,Tomas,camilo.tomas@yahoo.es,+34 824 930 507,4,1,5528239,2021-05-22
497,Osvaldo,Alvarado,osvaldo.alvarado@correo.com,+34 676768551,5,3,5203855,2021-11-17
498,Quique,Velázquez,quique.velázquez@correo.com,+34869 30 47 79,1,1,4963784,2023-10-01
499,Adán,Ferrán,adán.ferrán@empresa.com,+34706336666,3,3,5089654,2022-04-01
500,Jesús,Pol,jesús.pol@correo.com,+34 960 35 48 45,2,3,4939713,2024-11-26
501,Juanita,Andres,juanita.andres@correo.com,+34828340427,1,5,4111757,2024-12-15
502,Onofre,Díez,onofre.díez@gmail.com,+34 882 69 15 78,3,1,4982125,2024-05-15
503,Angelina,Seco,angelina.seco@empresa.com,+34842 00 57 09,5,5,4262000,2024-09-12
504,Lilia,Leiva,lilia.leiva@correo.com,+34 712914819,5,2,3681601,2022-05-07
505,Azahar,Ramos,azahar.ramos@yahoo.es,+34851 231 581,5,2,3922292,2024-10-30
506,Ágata,Ferrera,ágata.ferrera@yahoo.es,+34 987 00 91 67,5,5,3936080,2025-10-31
507,Lara,Espada,lara.espada@correo.com,+34847 94 53 36,3,4,7704595,2021-01-29
508,Feliciano,Estévez,feliciano.estévez@empresa.com,+34920581319,1,1,5488830,2023-08-17
509,Demetrio,Cobos,demetrio.cobos@empresa.com,+34875 25 98 79,1,5,3858540,2021-02-10
510,Jesusa,Vergara,jesusa.vergara@correo.com,+34 743193338,5,4,4858610,2021-06-29
511,Mauricio,Galindo,mauricio.galindo@correo.com,+34 878 732 643,5,2,5138714,2025-09-26
512,Artemio,Angulo,artemio.angulo@empresa.com,+34985545247,5,2,4408489,2023-08-06
513,Osvaldo,Tejera,osvaldo.tejera@empresa.com,+34949398166,2,2,5510039,2021-10-29
514,Encarnita,Narváez,encarnita.narváez@gmail.com,+34975 78 67 13,1,5,5589339,2024-07-07
515,Lorenza,Abril,lorenza.abril@outlook.com,+34876 57 85 92,4,1,5648035,2024-11-28
516,Priscila,Calleja,priscila.calleja@outlook.com,+34 984339420,4,4,7587473,2023-10-27
517,Raúl,Carbonell,raúl.carbonell@correo.com,+34 826 80 29 01,1,5,5514532,2025-09-19
518,Tamara,Carvajal,tamara.carvajal@outlook.com,+34 972 483 586,3,5,3587418,2021-12-04
519,Haroldo,Dueñas,haroldo.dueñas@empresa.com,+34928 93 25 30,2,5,4045386,2022-06-11
520,Marcos,Rodríguez,marcos.rodríguez@empresa.com,+34 887 37 08 04,3,5,3952168,2025-01-22
521,Valero,Barrena,valero.barrena@yahoo.es,+34 704601449,2,5,4335475,2025-06-18
522,Ileana,Ángel,ileana.ángel@yahoo.es,+34 902 239 326,3,5,3833738,2020-11-17
523,Luz,Gual,luz.gual@yahoo.es,+34946 393 078,4,2,5023310,2021-03-17
524,Cecilia,Carrillo,cecilia.carrillo@yahoo.es,+34803 09 10 70,3,4,5393330,2024-08-28
525,Claudia,Posada,claudia.posada@yahoo.es,+34 926 53 60 15,5,1,5938138,2023-05-27
526,Chita,Trujillo,chita.trujillo@empresa.com,+34 946 030 272,2,4,8408612,2024-10-31
527,Aureliano,Llorente,aureliano.llorente@yahoo.es,+34 820 927 482,1,1,5311998,2023-03-05
528,Amalia,Valentín,amalia.valentín@yahoo.es,+34 943 029 575,4,4,7365757,2021-11-22
529,Lisandro,Barón,lisandro.barón@outlook.com,+34 833 30 46 50,3,2,5533336,2022-12-29
530,Hipólito,Salinas,hipólito.salinas@correo.com,+34 879 29 53 23,5,3,2620347,2021-04-22
531,Alcides,Planas,alcides.planas@correo.com,+34 828 287 969,5,2,3364917,2024-01-26
532,Emperatriz,Céspedes,emperatriz.céspedes@outlook.com,+34 825 910 655,4,2,2661361,2022-11-29
533,Juan,Figuerola,juan.figuerola@yahoo.es,+34 939 004 579,2,4,3799186,2021-02-22
534,Emelina,Iglesias,emelina.iglesias@gmail.com,+34827532337,2,5,5669608,2023-05-03
535,Salomé,Navarrete,salomé.navarrete@empresa.com,+34884 320 002,2,4,6219401,2024-06-12
536,Luis Ángel,Amigó,luis ángel.amigó@yahoo.es,+34 877 497 662,1,3,3176605,2022-07-28
537,Aurelio,Sánchez,aurelio.sánchez@gmail.com,+34 823 169 576,1,5,3654643,2024-02-19
538,Clímaco,Montalbán,clímaco.montalbán@outlook.com,+34 925487905,2,4,8818725,2021-08-22
539,Nilda,Guzman,nilda.guzman@gmail.com,+34 852791677,2,4,8213296,2023-09-09
540,Jeremías,Ramirez,jeremías.ramirez@yahoo.es,+34 947994804,5,1,4702250,2022-01-05
541,Mayte,Elías,mayte.elías@correo.com,+34 876 724 362,3,1,6715710,2025-02-23
542,Antonia,Valbuena,antonia.valbuena@yahoo.es,+34 874 92 72 11,5,4,9504871,2021-04-20
543,Rafa,Pujadas,rafa.pujadas@correo.com,+34842 33 44 69,2,4,8863771,2022-07-17
544,Jose Ignacio,Morell,jose ignacio.morell@correo.com,+34 826624525,1,4,4905528,2022-03-17
545,Ildefonso,Cal,ildefonso.cal@yahoo.es,+34971 137 997,3,2,5174709,2021-07-31
546,Luis Miguel,Cid,luis miguel.cid@outlook.com,+34 875 03 89 39,3,1,6295495,2021-01-05
547,Nazaret,Macías,nazaret.macías@correo.com,+34828 830 860,4,2,3116914,2025-08-12
548,Ignacia,Puerta,ignacia.puerta@empresa.com,+34 657516402,4,5,3913256,2025-03-18
549,Ester,Villalba,ester.villalba@gmail.com,+34928 56 27 36,4,2,6102699,2022-09-01
550,Hortensia,Garriga,hortensia.garriga@yahoo.es,+34819274468,4,2,2492252,2020-12-28
551,Jimena,Carbó,jimena.carbó@outlook.com,+34 985 18 46 93,3,4,7993662,2025-09-12
552,Manu,Duran,manu.duran@yahoo.es,+34 942 25 44 61,1,5,4980484,2022-09-01
553,Teo,Gracia,teo.gracia@yahoo.es,+34 728539889,1,3,4706172,2023-02-11
554,Sabina,Giralt,sabina.giralt@gmail.com,+34 900 866 992,4,4,5123655,2022-04-23
555,Lázaro,Ferrández,lázaro.ferrández@correo.com,+34701 597 710,3,3,4696866,2022-11-24
556,Josefina,Álvarez,josefina.álvarez@yahoo.es,+34 881 008 528,2,5,3623917,2025-01-14
557,Rosario,Bolaños,rosario.bolaños@empresa.com,+34971 14 11 29,5,2,4152003,2023-12-10
558,Dorotea,Hervás,dorotea.hervás@yahoo.es,+34 974 54 99 15,4,4,7660936,2021-12-19
559,Gracia,Zabala,gracia.zabala@correo.com,+34 842 85 77 40,5,2,5288559,2022-03-07
560,Plácido,Mármol,plácido.mármol@gmail.com,+34714 434 720,3,5,4234328,2021-11-20
561,Ligia,Cordero,ligia.cordero@gmail.com,+34823 29 52 85,5,5,3330355,2022-02-01
562,Roldán,Benavent,roldán.benavent@correo.com,+34 730 60 19 11,2,2,4587998,2025-09-30
563,Remedios,Crespi,remedios.crespi@outlook.com,+34827 112 766,4,3,5313403,2023-08-25
564,Porfirio,Guillén,porfirio.guillén@gmail.com,+34941079719,4,2,5122114,2023-06-21
565,Visitación,Marqués,visitación.marqués@gmail.com,+34 843 366 810,1,5,4230909,2021-01-07
566,Maura,Zamora,maura.zamora@empresa.com,+34922 10 44 85,4,2,4367807,2023-08-14
567,Jessica,Garzón,jessica.garzón@correo.com,+34 902 43 16 50,3,1,5905983,2023-10-28
568,Marc,Vigil,marc.vigil@gmail.com,+34875 329 241,1,4,4787505,2025-01-28
569,Lucía,Cordero,lucía.cordero@outlook.com,+34803 226 578,4,5,3224486,2024-05-01
570,Maximiliano,Villalobos,maximiliano.villalobos@yahoo.es,+34849 117 794,1,1,5867357,2024-02-19
571,Juanito,Quero,juanito.quero@gmail.com,+34 719 798 022,4,4,3357335,2021-03-10
572,Cayetana,Alfaro,cayetana.alfaro@outlook.com,+34972 27 59 17,4,2,5303255,2022-08-21
573,Rosalinda,Coll,rosalinda.coll@yahoo.es,+34 803 36 74 71,4,4,6033752,2023-11-28
574,Alba,Ugarte,alba.ugarte@empresa.com,+34 827699359,5,1,6177456,2020-11-20
575,Valentina,Valdés,valentina.valdés@outlook.com,+34944 280 284,5,3,2550356,2023-10-22
576,Toño,Olmo,toño.olmo@empresa.com,+34926 12 73 31,2,5,3371260,2021-08-15
577,Máximo,Vilalta,máximo.vilalta@gmail.com,+34 841 83 66 22,4,1,6825312,2021-02-02
578,Lorena,Guzmán,lorena.guzmán@correo.com,+34 807 238 539,2,4,6569267,2025-06-17
579,Pepita,Sacristán,pepita.sacristán@outlook.com,+34 828 66 80 62,3,4,5376355,2021-06-06
580,Baudelio,Losada,baudelio.losada@outlook.com,+34975690970,4,1,4752521,2023-04-25
581,Teodosio,Goñi,teodosio.goñi@correo.com,+34819 229 295,1,1,5209124,2021-09-18
582,Fanny,Arranz,fanny.arranz@gmail.com,+34 974 963 413,5,5,3117878,2023-05-26
583,Chucho,Rosado,chucho.rosado@gmail.com,+34 876824249,4,2,5209604,2024-05-24
584,Godofredo,Pavón,godofredo.pavón@empresa.com,+34888861448,1,2,4465996,2025-10-01
585,Dalila,Vilanova,dalila.vilanova@outlook.com,+34884 78 81 76,2,5,5711687,2022-04-22
586,Ezequiel,Menendez,ezequiel.menendez@correo.com,+34 985790651,3,3,4273256,2023-12-10
587,Samu,Garriga,samu.garriga@outlook.com,+34 901403106,5,3,5395156,2023-06-22
588,Esther,Guardiola,esther.guardiola@outlook.com,+34883 72 65 22,1,4,5083166,2021-08-29
589,Miguel Ángel,Mayoral,miguel ángel.mayoral@correo.com,+34 821 99 73 92,2,5,5404265,2021-01-13
590,Gertrudis,Tur,gertrudis.tur@empresa.com,+34862523735,3,5,4366390,2024-10-02
591,Valero,Botella,valero.botella@empresa.com,+34924573857,4,5,3888417,2022-12-25
592,Manuela,Moreno,manuela.moreno@empresa.com,+34 983 762 734,2,2,3577615,2021-03-13
593,Sabina,Granados,sabina.granados@correo.com,+34 842 32 88 19,2,4,4700888,2023-03-31
594,Milagros,Rivero,milagros.rivero@yahoo.es,+34 944906907,1,2,5451207,2024-08-24
595,Gervasio,Salvà,gervasio.salvà@correo.com,+34 872 16 08 17,5,4,9368012,2020-11-23
596,Carlito,Sanmiguel,carlito.sanmiguel@correo.com,+34 827181922,3,2,3905494,2025-09-15
597,David,Murcia,david.murcia@outlook.com,+34 977559755,4,3,4533211,2021-02-11
598,Reinaldo,Barberá,reinaldo.barberá@yahoo.es,+34977131978,2,1,5855248,2025-08-02
599,Alfredo,Cid,alfredo.cid@gmail.com,+34 803546378,5,3,3521126,2022-11-17
600,Mohamed,Roura,mohamed.roura@correo.com,+34 882 616 748,2,1,6595596,2021-06-23
601,Candelaria,Chaparro,candelaria.chaparro@correo.com,+34928 97 34 76,2,5,3613560,2024-05-06
602,Leticia,Borrego,leticia.borrego@yahoo.es,+34910109831,1,3,5698406,2021-07-21
603,Máxima,Gárate,máxima.gárate@outlook.com,+34876 92 50 78,1,2,6030080,2024-11-29
604,Leire,Bueno,leire.bueno@empresa.com,+34707694619,2,2,5043259,2021-04-24
605,Candelas,Carnero,candelas.carnero@empresa.com,+34 845 273 025,3,2,4511622,2023-09-07
606,Roberto,Blanca,roberto.blanca@empresa.com,+34877 955 741,3,4,6580289,2022-05-20
607,Nélida,Bayona,nélida.bayona@yahoo.es,+34616567176,4,3,3455328,2022-04-03
608,Saturnino,Alarcón,saturnino.alarcón@empresa.com,+34 972972479,4,1,6440502,2023-02-23
609,Salomé,Peñas,salomé.peñas@yahoo.es,+34983 299 239,4,2,3839889,2022-03-03
610,Julieta,Barros,julieta.barros@gmail.com,+34 872 75 52 01,2,5,5362033,2025-01-23
611,Erasmo,Andreu,erasmo.andreu@gmail.com,+34948206533,5,3,4182526,2023-12-15
612,Javiera,Sureda,javiera.sureda@correo.com,+34 843 84 92 94,2,4,5049077,2024-02-17
613,Sosimo,Bejarano,sosimo.bejarano@yahoo.es,+34 823 86 79 98,2,2,3873720,2023-05-16
614,Fátima,Estrada,fátima.estrada@empresa.com,+34 822 40 09 41,3,5,4795996,2021-09-26
615,Eugenia,Porras,eugenia.porras@yahoo.es,+34 983 554 345,4,4,9359806,2022-11-20
616,Encarna,Sarabia,encarna.sarabia@empresa.com,+34 988 12 65 19,3,2,5180831,2025-10-15
617,Blas,Tejedor,blas.tejedor@outlook.com,+34947 06 40 19,4,2,5134690,2021-10-05
618,Clímaco,Andreu,clímaco.andreu@outlook.com,+34 882 16 45 99,1,5,5703149,2022-04-15
619,Moisés,Padilla,moisés.padilla@correo.com,+34977 771 630,1,1,6519911,2020-12-09
620,Gala,Flor,gala.flor@gmail.com,+34 847 457 178,2,1,5585286,2023-11-13
621,Edelmira,Luz,edelmira.luz@gmail.com,+34 881313828,5,2,2500812,2022-12-04
622,Bernardino,Noriega,bernardino.noriega@empresa.com,+34 847 488 845,5,3,2331886,2024-12-04
623,Purificación,Salamanca,purificación.salamanca@empresa.com,+34923 22 02 58,5,4,3254575,2024-08-29
624,Hilda,Andrés,hilda.andrés@correo.com,+34 923 629 220,5,4,3229655,2023-07-27
625,Lupe,Chamorro,lupe.chamorro@yahoo.es,+34882 277 654,1,5,5668442,2022-08-16
626,Adora,Correa,adora.correa@correo.com,+34 984 817 948,2,4,8330210,2021-03-04
627,María Cristina,Bernal,maría cristina.bernal@gmail.com,+34 886 629 959,2,1,5830605,2024-06-25
628,Lucía,Benavent,lucía.benavent@outlook.com,+34 886 07 06 96,3,5,4449711,2024-04-12
629,Jovita,Jiménez,jovita.jiménez@yahoo.es,+34887 33 03 00,4,4,3660963,2022-02-28
630,Adriana,Duarte,adriana.duarte@empresa.com,+34879092807,2,5,3684333,2023-07-20
631,Tristán,Company,tristán.company@yahoo.es,+34977 66 07 76,1,1,6113944,2023-06-11
632,Baltasar,Baquero,baltasar.baquero@gmail.com,+34842 043 110,5,4,5588928,2024-11-02
633,Eduardo,Armengol,eduardo.armengol@empresa.com,+34 941 776 933,2,1,6076733,2024-10-21
634,Irene,Pulido,irene.pulido@gmail.com,+34871 911 803,3,4,8581682,2024-04-23
635,Leire,Borrego,leire.borrego@correo.com,+34947628418,1,1,6641970,2025-05-11
636,Ramiro,Andrés,ramiro.andrés@outlook.com,+34 986 75 88 79,5,2,5804886,2023-04-30
637,Paulino,Ferreras,paulino.ferreras@empresa.com,+34 825 559 873,1,3,2279737,2023-01-24
638,Julia,Mayo,julia.mayo@yahoo.es,+34737 368 691,1,5,4549836,2023-01-20
639,Teodora,Cisneros,teodora.cisneros@outlook.com,+34 849 53 76 17,2,3,2163696,2022-05-12
640,Hernando,Salom,hernando.salom@correo.com,+34 981 715 738,4,2,5252985,2023-02-27
641,Jose Luis,Alcántara,jose luis.alcántara@gmail.com,+34 979889297,2,3,2714885,2021-02-05
642,Jose Antonio,Real,jose antonio.real@correo.com,+34 731 57 34 74,5,4,7501008,2022-09-11
643,Reyes,Saura,reyes.saura@yahoo.es,+34920 825 010,2,4,8005558,2024-05-07
644,Rosendo,Casares,rosendo.casares@gmail.com,+34986 910 118,3,5,5041482,2021-07-23
645,Catalina,Agustín,catalina.agustín@gmail.com,+34 984 68 84 77,1,1,5639382,2022-04-03
646,Aránzazu,Vallejo,aránzazu.vallejo@yahoo.es,+34 724883916,5,5,5105116,2025-06-18
647,Abraham,Pavón,abraham.pavón@empresa.com,+34 925 50 07 63,3,3,2216143,2025-09-27
648,Amando,Tejedor,amando.tejedor@empresa.com,+34 983 57 16 51,5,4,4618504,2023-06-17
649,Ovidio,Montenegro,ovidio.montenegro@empresa.com,+34 871 58 43 43,5,4,4346236,2024-11-26
650,Visitación,Taboada,visitación.taboada@empresa.com,+34 825491259,3,1,6373366,2024-08-11
651,Marisol,Verdugo,marisol.verdugo@outlook.com,+34828 44 08 79,2,1,4861652,2024-09-10
652,Amarilis,Delgado,amarilis.delgado@empresa.com,+34882 359 668,3,2,5206323,2023-07-06
653,Juan José,Conesa,juan josé.conesa@yahoo.es,+34 886 24 08 84,3,1,4882423,2022-03-14
654,Delfina,Castelló,delfina.castelló@empresa.com,+34972 23 64 14,1,3,4963674,2024-01-04
655,Merche,Noguera,merche.noguera@outlook.com,+34 824 35 70 19,4,1,5092428,2021-01-04
656,Jenaro,Llabrés,jenaro.llabrés@correo.com,+34843683736,1,5,4411840,2023-11-18
657,Benita,Rodrigo,benita.rodrigo@gmail.com,+34 874091139,1,1,5457191,2020-12-12
658,Marisol,Vallejo,marisol.vallejo@correo.com,+34875 657 600,4,5,5146818,2023-12-20
659,Teresa,Goicoechea,teresa.goicoechea@gmail.com,+34975 36 82 56,1,3,3658713,2023-09-11
660,Josep,Madrid,josep.madrid@correo.com,+34887 148 120,2,2,4585253,2024-08-19
661,Raimundo,Pinilla,raimundo.pinilla@empresa.com,+34 884 64 20 89,3,2,2981160,2023-01-04
662,Claudio,Acero,claudio.acero@yahoo.es,+34948635580,2,4,4090649,2025-03-31
663,Herminio,Alegre,herminio.alegre@empresa.com,+34 942 72 58 45,4,3,3686095,2021-03-02
664,Rosalía,Cabrero,rosalía.cabrero@gmail.com,+34 915 79 30 65,2,3,3050007,2025-02-25
665,Ciríaco,Borrell,ciríaco.borrell@empresa.com,+34876 23 60 94,4,5,4693479,2024-06-21
666,Roldán,Mármol,roldán.mármol@gmail.com,+34976 77 89 25,4,2,3595279,2020-12-26
667,Florencio,Bas,florencio.bas@yahoo.es,+34975 555 461,3,5,4053668,2021-09-07
668,Maricruz,Agullo,maricruz.agullo@empresa.com,+34 806 73 73 80,5,3,3721819,2020-11-11
669,Blanca,Guerrero,blanca.guerrero@outlook.com,+34 832 119 330,2,3,3308964,2021-04-12
670,Agustina,Cañete,agustina.cañete@empresa.com,+34879 87 85 07,4,3,2771910,2024-09-06
671,Quirino,Bas,quirino.bas@yahoo.es,+34947 186 246,4,3,4864274,2023-06-22
672,Juan Pablo,Doménech,juan pablo.doménech@correo.com,+34 986 724 678,3,2,3673899,2024-06-11
673,Leticia,Goicoechea,leticia.goicoechea@empresa.com,+34844160953,5,3,2532538,2021-08-03
674,César,Gargallo,césar.gargallo@outlook.com,+34807606604,2,5,5721905,2023-09-24
675,Reinaldo,Martorell,reinaldo.martorell@correo.com,+34 800 925 640,4,1,6769486,2021-11-29
676,Pastor,Martínez,pastor.martínez@outlook.com,+34 847654415,1,4,8275743,2025-06-29
677,Fanny,Luque,fanny.luque@empresa.com,+34986 030 485,3,4,4047268,2021-01-28
678,Ofelia,Berenguer,ofelia.berenguer@outlook.com,+34 886461055,4,3,4578109,2023-09-11
679,Baudelio,Conde,baudelio.conde@empresa.com,+34 883 471 845,5,1,5665621,2022-03-06
680,Dominga,Lerma,dominga.lerma@empresa.com,+34 930 48 14 86,5,5,4110184,2022-07-26
681,Lorenza,Cerdán,lorenza.cerdán@empresa.com,+34832 51 25 76,3,5,3126495,2021-05-28
682,Catalina,Duarte,catalina.duarte@correo.com,+34 933217212,1,5,4751607,2022-07-02
683,Trinidad,Gabaldón,trinidad.gabaldón@gmail.com,+34922 15 65 79,3,2,4902432,2025-02-27
684,Ángel,Talavera,ángel.talavera@outlook.com,+34 919 54 11 92,4,5,3146846,2023-05-06
685,Manola,Guardia,manola.guardia@yahoo.es,+34736 82 72 33,1,4,3833859,2022-02-09
686,Nilda,Bejarano,nilda.bejarano@yahoo.es,+34842573618,5,2,4358283,2023-05-06
687,Vasco,Fábregas,vasco.fábregas@correo.com,+34 877 332 616,2,5,4885320,2025-07-29
688,Bernardita,Catalán,bernardita.catalán@empresa.com,+34 922 982 805,5,3,3573568,2024-08-01
689,Gerónimo,Cal,gerónimo.cal@correo.com,+34 828361295,1,2,3744568,2024-02-25
690,Nazaret,Aliaga,nazaret.aliaga@empresa.com,+34 948 29 59 93,1,1,5329088,2023-12-29
691,Cecilio,Echevarría,cecilio.echevarría@gmail.com,+34988 972 160,3,2,3757017,2022-02-28
692,Francisco Javier,Manzano,francisco javier.manzano@empresa.com,+34 842088056,3,2,4396943,2025-04-27
693,Melisa,Chaves,melisa.chaves@empresa.com,+34981571024,4,1,5641743,2025-07-09
694,Valeria,Huguet,valeria.huguet@yahoo.es,+34988213769,1,1,5339672,2021-04-17
695,Inocencio,Sevilla,inocencio.sevilla@gmail.com,+34 873970110,2,3,4537958,2020-12-15
696,Irene,Tomas,irene.tomas@outlook.com,+34729518129,2,5,3498548,2023-08-01
697,Nando,Yuste,nando.yuste@yahoo.es,+34 975 74 68 24,4,5,4179262,2024-06-14
698,Margarita,Mayo,margarita.mayo@outlook.com,+34876 192 534,2,4,7197443,2021-04-08
699,Herminio,Alcalá,herminio.alcalá@empresa.com,+34979 883 192,5,4,3341009,2022-09-25
700,Pepe,Cabo,pepe.cabo@outlook.com,+34 924 669 789,4,4,6956277,2021-04-26
701,Pascual,Arenas,pascual.arenas@gmail.com,+34911 80 88 80,1,2,3229094,2023-12-19
702,Luis Ángel,Francisco,luis ángel.francisco@correo.com,+34 900028003,5,1,6433242,2025-10-15
703,Candelaria,Pinto,candelaria.pinto@outlook.com,+34 848255038,4,3,3328939,2024-09-16
704,Salomón,Chacón,salomón.chacón@gmail.com,+34842123413,4,3,4623312,2024-01-24
705,Vinicio,Armas,vinicio.armas@correo.com,+34 975 96 52 31,5,3,4346462,2025-04-06
706,Valentina,Cabrera,valentina.cabrera@empresa.com,+34 846 00 64 74,3,5,3335822,2023-04-07
707,Angélica,Amor,angélica.amor@empresa.com,+34 849 87 73 24,3,5,3493345,2022-08-20
708,Ciriaco,Palomares,ciriaco.palomares@correo.com,+34 823781726,2,5,3256162,2021-07-25
709,Nilda,Moya,nilda.moya@yahoo.es,+34824 405 466,1,1,5204538,2022-09-13
710,Mohamed,Mendez,mohamed.mendez@outlook.com,+34 844 95 77 84,5,3,4708680,2023-06-10
711,Óscar,López,óscar.lópez@empresa.com,+34 821776872,5,4,6983392,2024-08-02
712,Nazaret,Salazar,nazaret.salazar@empresa.com,+34827644528,5,4,4346338,2024-04-20
713,Esperanza,Prats,esperanza.prats@outlook.com,+34845 33 30 59,3,5,3478045,2024-03-27
714,Lorenza,Martorell,lorenza.martorell@outlook.com,+34827 694 233,4,2,3632026,2021-08-08
715,Rosa,Olivé,rosa.olivé@correo.com,+34920811484,1,1,6577857,2022-11-10
716,Benjamín,Fuertes,benjamín.fuertes@empresa.com,+34880675133,4,2,3189629,2024-11-13
717,Ligia,Jódar,ligia.jódar@correo.com,+34 944 498 073,4,5,4791840,2023-06-08
718,Encarna,Batalla,encarna.batalla@empresa.com,+34948632351,4,4,7713601,2021-12-17
719,Mireia,Dávila,mireia.dávila@empresa.com,+34835 55 19 42,1,2,2773133,2024-01-20
720,Nilo,Mariscal,nilo.mariscal@outlook.com,+34 975536107,2,3,2227668,2023-08-20
721,Maristela,Cervera,maristela.cervera@correo.com,+34 882681283,4,3,2736508,2021-11-04
722,Marcelino,Cañizares,marcelino.cañizares@correo.com,+34 978 823 651,1,4,6683519,2023-12-28
723,Nazaret,Ochoa,nazaret.ochoa@correo.com,+34 883 566 976,5,1,5268755,2023-11-23
724,Lino,Carrillo,lino.carrillo@yahoo.es,+34 843 90 38 96,1,5,5249965,2025-06-02
725,Yésica,Mir,yésica.mir@empresa.com,+34901403699,4,5,3617682,2024-11-30
726,Elisabet,Duque,elisabet.duque@gmail.com,+34 828 56 58 38,1,2,3569543,2025-04-23
727,Encarnacion,Carro,encarnacion.carro@empresa.com,+34 615 96 61 83,1,3,3413770,2022-11-17
728,Amanda,Santamaría,amanda.santamaría@empresa.com,+34901277053,2,1,6380954,2022-05-23
729,Felicidad,Giner,felicidad.giner@outlook.com,+34 881 148 414,5,5,4889290,2023-11-13
730,Guiomar,Marcos,guiomar.marcos@empresa.com,+34 983 740 249,2,2,4748917,2022-02-24
731,Amaya,Vilanova,amaya.vilanova@outlook.com,+34 800922915,5,1,5930685,2025-08-05
732,Lucila,Vizcaíno,lucila.vizcaíno@yahoo.es,+34 841 30 57 00,3,5,4482981,2025-01-09
733,Tecla,Seco,tecla.seco@yahoo.es,+34 978 01 52 49,5,3,4255461,2025-06-07
734,Heliodoro,Ángel,heliodoro.ángel@gmail.com,+34 954294842,4,2,6032652,2025-03-09
735,Trinidad,Casal,trinidad.casal@gmail.com,+34824 61 51 64,2,3,5360570,2022-10-17
736,Consuela,Montesinos,consuela.montesinos@outlook.com,+34 945910268,3,2,3008579,2023-09-03
737,Fernanda,Blanco,fernanda.blanco@outlook.com,+34 878 356 104,5,4,6296523,2023-04-15
738,Telmo,Melero,telmo.melero@yahoo.es,+34841143693,1,4,5562654,2025-04-05
739,María Luisa,Molins,maría luisa.molins@gmail.com,+34842 147 401,3,4,6464470,2024-11-15
740,Alberto,Valenciano,alberto.valenciano@yahoo.es,+34 912024466,3,4,9255433,2024-09-21
741,Alex,Gual,alex.gual@correo.com,+34876 947 650,1,1,6585273,2022-08-18
742,Alexandra,Alemany,alexandra.alemany@empresa.com,+34 851 93 12 69,5,3,5296957,2021-02-08
743,Diana,Ayllón,diana.ayllón@empresa.com,+34927 99 36 90,2,2,6052491,2021-08-02
744,Fernando,Pineda,fernando.pineda@empresa.com,+34879 856 106,3,3,3317225,2022-10-21
745,Roberto,Pérez,roberto.pérez@yahoo.es,+34885 250 462,5,5,4588811,2021-12-17
746,Armando,Borrás,armando.borrás@empresa.com,+34 874 55 31 19,1,3,5462354,2025-07-31
747,Priscila,Solís,priscila.solís@gmail.com,+34 925 51 86 95,4,1,6053582,2023-09-12
748,Nacio,Sanmartín,nacio.sanmartín@gmail.com,+34 839624927,2,1,6717852,2022-09-01
749,Andrés,Cabello,andrés.cabello@empresa.com,+34 842 91 84 21,4,4,3157896,2025-02-08
750,Elena,Salcedo,elena.salcedo@outlook.com,+34883 366 821,3,2,5734055,2021-04-07
751,Mateo,Folch,mateo.folch@outlook.com,+34822 020 944,3,3,2455383,2022-08-31
752,Perla,Puga,perla.puga@yahoo.es,+34 807 20 19 98,2,1,5496466,2021-06-01
753,Cebrián,Cuenca,cebrián.cuenca@gmail.com,+34983 895 669,2,4,7170756,2024-01-04
754,Dora,Manrique,dora.manrique@empresa.com,+34 820 29 80 99,1,1,6223385,2023-05-29
755,Fanny,Arenas,fanny.arenas@outlook.com,+34880 72 00 62,5,4,3654025,2023-10-28
756,Borja,Menéndez,borja.menéndez@outlook.com,+34841 796 310,1,5,4864563,2021-11-06
757,Alfonso,Royo,alfonso.royo@gmail.com,+34 886 798 719,4,3,5173057,2025-08-26
758,Luciana,Chaparro,luciana.chaparro@outlook.com,+34 807186811,4,4,3608367,2022-10-01
759,Blas,Beltran,blas.beltran@gmail.com,+34 822 240 718,3,1,4908011,2023-05-06
760,Guiomar,Saldaña,guiomar.saldaña@yahoo.es,+34 986 021 536,2,2,3884391,2024-02-29
761,Marisa,Palomo,marisa.palomo@outlook.com,+34 842 353 471,1,1,5844017,2022-11-16
762,Pepito,Martin,pepito.martin@correo.com,+34 953978407,2,2,4096896,2022-02-14
763,Ruperta,Durán,ruperta.durán@outlook.com,+34946296702,4,4,7109572,2025-06-20
764,Estrella,Martorell,estrella.martorell@outlook.com,+34 949101361,2,1,6645917,2024-12-29
765,Gisela,Pedrosa,gisela.pedrosa@gmail.com,+34 980421952,3,5,4999741,2024-11-18
766,Anastasia,Exposito,anastasia.exposito@empresa.com,+34 888 165 881,2,3,5075308,2024-05-18
767,César,Mosquera,césar.mosquera@yahoo.es,+34874 276 367,5,1,5225554,2021-10-08
768,Édgar,Carrillo,édgar.carrillo@correo.com,+34982 93 20 98,1,5,3797048,2023-08-01
769,Jose Francisco,Soto,jose francisco.soto@yahoo.es,+34 986805652,5,2,4384478,2024-04-18
770,Encarna,Blanco,encarna.blanco@outlook.com,+34 988 053 104,1,4,5051323,2024-12-30
771,Nazaret,Benet,nazaret.benet@outlook.com,+34882083119,2,4,5631447,2025-04-06
772,Álvaro,Antúnez,álvaro.antúnez@empresa.com,+34941 44 66 70,1,5,3219035,2022-12-18
773,Nicanor,Román,nicanor.román@yahoo.es,+34901605310,5,3,2600483,2025-07-10
774,Fidela,Ruano,fidela.ruano@empresa.com,+34 886 995 662,2,3,4156410,2021-08-22
775,Guadalupe,Gutiérrez,guadalupe.gutiérrez@empresa.com,+34827 164 097,1,1,4718508,2021-07-26
776,Claudia,Amigó,claudia.amigó@gmail.com,+34872083796,1,3,2914993,2022-04-04
777,Baltasar,Dominguez,baltasar.dominguez@empresa.com,+34935110404,5,5,3801282,2024-04-01
778,Paca,Prats,paca.prats@empresa.com,+34879 45 78 06,1,4,7660100,2023-03-30
779,Ezequiel,Gálvez,ezequiel.gálvez@correo.com,+34887 678 566,3,5,4691799,2025-09-18
780,Ángela,Pujadas,ángela.pujadas@gmail.com,+34 828 019 990,2,3,2401619,2023-10-07
781,Bautista,Tur,bautista.tur@outlook.com,+34 976 45 59 91,5,5,3910077,2021-12-29
782,Dionisio,Camps,dionisio.camps@gmail.com,+34 878275237,2,3,4728353,2021-09-01
783,Severiano,Villegas,severiano.villegas@gmail.com,+34 982 385 684,4,2,2786251,2022-06-23
784,Manuela,Comas,manuela.comas@gmail.com,+34 925 71 38 81,1,4,7085304,2024-09-11
785,Rebeca,Pedrosa,rebeca.pedrosa@yahoo.es,+34 845 14 16 19,2,2,2909322,2023-07-25
786,Fabián,Espejo,fabián.espejo@gmail.com,+34 975 093 396,3,2,4305458,2025-08-01
787,Luis Ángel,Aguado,luis ángel.aguado@correo.com,+34 734 52 14 98,3,5,5142895,2024-12-04
788,Emiliana,Fuente,emiliana.fuente@outlook.com,+34 846 179 625,3,3,2581512,2021-12-15
789,Francisco Javier,Gallart,francisco javier.gallart@gmail.com,+34 977 52 68 27,4,1,5415784,2023-03-13
790,Alex,España,alex.españa@yahoo.es,+34885 83 49 48,5,5,3199741,2023-12-28
791,Juan José,Pavón,juan josé.pavón@gmail.com,+34876103808,3,4,6076522,2024-11-09
792,Ceferino,Garcia,ceferino.garcia@gmail.com,+34 810 743 054,2,4,8671772,2024-07-14
793,Belén,Franco,belén.franco@yahoo.es,+34 941998165,1,2,3411797,2022-06-12
794,Apolinar,Llorens,apolinar.llorens@correo.com,+34826008609,5,1,5182265,2021-07-15
795,Elodia,Anaya,elodia.anaya@gmail.com,+34 923 403 708,1,1,6562889,2024-07-01
796,Jennifer,Tejera,jennifer.tejera@outlook.com,+34 920 05 09 12,4,1,5715340,2021-11-02
797,Guadalupe,Martinez,guadalupe.martinez@outlook.com,+34 874997499,1,2,5915575,2020-11-17
798,Etelvina,Molina,etelvina.molina@correo.com,+34 944 36 48 05,2,4,4595239,2024-07-20
799,Rafael,Piña,rafael.piña@empresa.com,+34911777038,1,3,3123446,2023-08-23
800,Carmela,Gutierrez,carmela.gutierrez@correo.com,+34949 89 35 39,1,3,2553239,2022-12-13
801,Anabel,Cervera,anabel.cervera@outlook.com,+34973478524,1,2,5445881,2023-12-16
802,Adriana,Figuerola,adriana.figuerola@empresa.com,+34702585270,3,1,6602980,2024-06-10
803,Luis,Valenzuela,luis.valenzuela@yahoo.es,+34875 137 450,4,3,2429270,2022-03-31
804,Sara,Sierra,sara.sierra@gmail.com,+34 975 006 920,5,3,2858400,2024-01-29
805,Donato,Gaya,donato.gaya@yahoo.es,+34 987736584,3,5,3682647,2024-01-24
806,Montserrat,Morán,montserrat.morán@correo.com,+34879 67 32 19,2,4,9560657,2021-10-15
807,Carlota,Camacho,carlota.camacho@correo.com,+34845 433 534,4,2,3024590,2021-03-16
808,Germán,Roda,germán.roda@gmail.com,+34 974 720 089,1,2,4472608,2021-03-20
809,Jovita,Aroca,jovita.aroca@yahoo.es,+34980 259 447,4,1,6344368,2020-11-05
810,Evaristo,Castro,evaristo.castro@yahoo.es,+34 823714512,2,1,5131424,2021-07-17
811,Eusebio,Teruel,eusebio.teruel@empresa.com,+34972 290 617,2,4,9325624,2023-08-09
812,Tadeo,Pomares,tadeo.pomares@yahoo.es,+34 979 540 141,2,1,4778113,2022-11-13
813,Ámbar,Estrada,ámbar.estrada@correo.com,+34935 044 236,3,4,7653912,2022-04-28
814,Raquel,Escobar,raquel.escobar@empresa.com,+34814 136 144,5,1,5954115,2024-08-27
815,Amor,Guillén,amor.guillén@outlook.com,+34 902 821 685,5,4,3634066,2024-10-04
816,Teodosio,Espinosa,teodosio.espinosa@gmail.com,+34 900 191 163,2,4,7407314,2023-05-23
817,Cristóbal,Lillo,cristóbal.lillo@outlook.com,+34 803 193 577,3,3,3084894,2023-08-11
818,María Jesús,Barros,maría jesús.barros@empresa.com,+34921415543,3,3,3299174,2021-09-29
819,Carlito,Barroso,carlito.barroso@outlook.com,+34979072437,2,1,6748786,2020-12-15
820,Josué,Aroca,josué.aroca@correo.com,+34 816 83 86 85,2,1,5022373,2022-07-04
821,Violeta,Sabater,violeta.sabater@empresa.com,+34976 658 481,1,4,5170061,2023-08-20
822,Luciano,Ferrando,luciano.ferrando@correo.com,+34933 425 618,2,3,5726999,2021-10-16
823,Ernesto,Serrano,ernesto.serrano@empresa.com,+34 944 347 204,1,3,3844717,2020-12-02
824,Luisina,Larrañaga,luisina.larrañaga@gmail.com,+34720 17 00 97,3,2,5457950,2023-09-02
825,Pía,Exposito,pía.exposito@correo.com,+34 975 417 454,3,1,5152948,2025-02-28
826,Obdulia,Carranza,obdulia.carranza@outlook.com,+34 983 319 156,3,1,6239725,2021-05-26
827,Asunción,Contreras,asunción.contreras@empresa.com,+34 936 46 35 06,3,5,3159422,2023-02-13
828,Teo,Morata,teo.morata@yahoo.es,+34926893597,4,2,2582071,2021-08-03
829,Anna,Blázquez,anna.blázquez@empresa.com,+34 845524212,2,5,5048567,2020-11-22
830,Carmelo,Perelló,carmelo.perelló@gmail.com,+34 878 597 948,2,4,3807935,2023-07-12
831,Cristian,Borrás,cristian.borrás@gmail.com,+34 844 63 58 91,2,1,4817035,2021-06-20
832,Obdulia,Pol,obdulia.pol@outlook.com,+34876385785,3,2,5517491,2022-01-15
833,Rodolfo,Abad,rodolfo.abad@gmail.com,+34 876054048,1,5,4610928,2025-02-10
834,Jafet,Coca,jafet.coca@gmail.com,+34 885 83 90 08,4,1,5115118,2023-11-09
835,Patricio,Codina,patricio.codina@outlook.com,+34849067398,3,1,6664503,2024-03-10
836,Vinicio,Higueras,vinicio.higueras@gmail.com,+34 983272833,1,1,6745995,2025-09-08
837,Micaela,Valera,micaela.valera@outlook.com,+34 827352740,4,5,4197602,2022-02-03
838,Trini,Solé,trini.solé@empresa.com,+34 886 107 148,4,1,5520310,2021-12-17
839,Mar,Gonzalez,mar.gonzalez@outlook.com,+34 879 71 23 90,2,3,2911137,2020-11-12
840,Filomena,Cañellas,filomena.cañellas@yahoo.es,+34 900413763,2,3,3779626,2020-11-13
841,Gisela,Villalonga,gisela.villalonga@gmail.com,+34 974 666 352,2,5,4700255,2020-11-23
842,Jacobo,Castell,jacobo.castell@yahoo.es,+34 849219515,5,4,5799086,2021-02-23
843,Zaira,Maza,zaira.maza@empresa.com,+34945 62 60 37,4,1,4874102,2025-09-26
844,Ariel,Sanchez,ariel.sanchez@outlook.com,+34924 406 499,5,4,4434337,2024-02-12
845,Natalio,Collado,natalio.collado@outlook.com,+34 823 31 41 45,4,5,5174941,2025-01-21
846,Jenny,Fajardo,jenny.fajardo@yahoo.es,+34 846 42 77 46,4,4,6650074,2021-09-01
847,Sebastián,Morera,sebastián.morera@yahoo.es,+34 925848575,4,5,4384690,2024-12-25
848,Patricia,Diaz,patricia.diaz@yahoo.es,+34 887 921 312,5,2,2563482,2022-07-11
849,Donato,Iriarte,donato.iriarte@outlook.com,+34723 99 45 33,3,1,6644103,2024-05-30
850,Sara,Yáñez,sara.yáñez@gmail.com,+34973 94 46 90,5,4,6553205,2025-05-21
851,Liliana,Pera,liliana.pera@outlook.com,+34 901400238,2,2,2837811,2021-12-01
852,Roque,Segura,roque.segura@yahoo.es,+34 723 19 55 67,1,5,5232872,2023-04-09
853,Antonia,Rosa,antonia.rosa@outlook.com,+34882 122 522,4,5,5314530,2024-06-23
854,Benigna,Zurita,benigna.zurita@yahoo.es,+34925 27 79 39,5,2,3119157,2023-11-05
855,Ainoa,Giralt,ainoa.giralt@yahoo.es,+34 974 228 929,1,3,5536796,2021-11-01
856,Edmundo,Salom,edmundo.salom@yahoo.es,+34827 62 00 24,5,5,4550097,2022-12-29
857,Santiago,Valera,santiago.valera@outlook.com,+34920 965 906,2,4,6634707,2022-10-30
858,Godofredo,Llamas,godofredo.llamas@empresa.com,+34926 668 027,2,1,4879657,2022-10-22
859,Aarón,Duarte,aarón.duarte@correo.com,+34 858352836,4,2,2540761,2022-05-22
860,Aitana,Camino,aitana.camino@gmail.com,+34 980 951 639,2,3,5551501,2024-05-24
861,Alejo,Doménech,alejo.doménech@outlook.com,+34 921033356,3,3,4796924,2021-03-19
862,Azucena,Flores,azucena.flores@gmail.com,+34947 03 36 18,2,1,5005510,2020-11-28
863,Asunción,Hoz,asunción.hoz@gmail.com,+34943 990 344,1,5,5352805,2021-04-17
864,Yéssica,Castrillo,yéssica.castrillo@yahoo.es,+34981 392 402,3,4,6916551,2025-09-14
865,Salomé,Romeu,salomé.romeu@yahoo.es,+34888799644,2,3,2617263,2022-11-06
866,Heliodoro,Barroso,heliodoro.barroso@empresa.com,+34980434900,2,4,7322144,2025-05-17
867,Vidal,Álamo,vidal.álamo@correo.com,+34727 646 567,2,5,5153717,2025-04-29
868,Primitivo,García,primitivo.garcía@correo.com,+34947 68 05 74,3,2,3868329,2022-08-05
869,Nicanor,Roldan,nicanor.roldan@outlook.com,+34 887 85 18 86,5,2,5166235,2024-05-15
870,Berta,Lobato,berta.lobato@empresa.com,+34976861924,5,5,3114653,2023-11-19
871,Araceli,Llorente,araceli.llorente@yahoo.es,+34 922 95 29 02,5,5,3624041,2024-10-06
872,Modesto,Segura,modesto.segura@gmail.com,+34923 201 694,1,4,4056671,2025-01-08
873,Marcela,Tello,marcela.tello@outlook.com,+34886 907 149,2,3,5793630,2023-07-17
874,Seve,Cerdán,seve.cerdán@gmail.com,+34 877094865,3,3,3781948,2024-11-17
875,Mercedes,Luz,mercedes.luz@outlook.com,+34828 81 26 35,3,2,5034184,2025-06-02
876,Nidia,Posada,nidia.posada@yahoo.es,+34986 786 138,1,1,6260000,2022-06-04
877,Adela,Ferrándiz,adela.ferrándiz@empresa.com,+34806900707,2,4,7857709,2024-02-19
878,Ágata,Milla,ágata.milla@empresa.com,+34884064494,3,4,8815680,2025-10-30
879,Dionisia,Arias,dionisia.arias@correo.com,+34843710981,4,4,3804860,2025-02-07
880,Liliana,Alba,liliana.alba@correo.com,+34871 66 21 91,1,2,3069366,2024-06-11
881,Sandra,Benet,sandra.benet@gmail.com,+34 876 13 63 85,3,3,2180293,2025-05-01
882,Américo,Lobato,américo.lobato@gmail.com,+34971580349,4,1,5430673,2025-07-01
883,Mateo,Tejada,mateo.tejada@outlook.com,+34 985 73 68 69,1,1,5880243,2023-09-11
884,Celia,Manuel,celia.manuel@yahoo.es,+34860925291,4,5,5689510,2023-04-19
885,Rosenda,Mateo,rosenda.mateo@gmail.com,+34887912625,2,4,9205271,2023-04-29
886,Maximiliano,Coronado,maximiliano.coronado@correo.com,+34845 762 529,1,4,4162368,2023-09-20
887,Juan,Reguera,juan.reguera@yahoo.es,+34 825671390,4,2,6075712,2024-03-21
888,Bernardino,Villegas,bernardino.villegas@correo.com,+34 821 539 887,3,5,3743934,2023-10-10
889,Alexandra,Tirado,alexandra.tirado@yahoo.es,+34 847 768 196,4,2,2822188,2022-11-10
890,Iker,Iniesta,iker.iniesta@correo.com,+34 875 40 96 16,2,5,5296559,2021-04-14
891,Maribel,Salvador,maribel.salvador@gmail.com,+34847 831 523,1,3,2119229,2023-12-28
892,Eduardo,Bermudez,eduardo.bermudez@yahoo.es,+34971 459 427,1,5,4325067,2025-09-22
893,Duilio,Morales,duilio.morales@gmail.com,+34985 91 42 90,3,2,3099645,2023-07-31
894,Narcisa,Bernat,narcisa.bernat@gmail.com,+34978 97 47 22,3,4,8571660,2025-10-20
895,Ciriaco,Velázquez,ciriaco.velázquez@empresa.com,+34 915 747 033,3,4,6294199,2022-06-11
896,Prudencia,Ródenas,prudencia.ródenas@gmail.com,+34900323203,3,5,4074305,2021-08-26
897,Macaria,Valverde,macaria.valverde@empresa.com,+34833 24 59 38,1,3,2805500,2022-04-29
898,Abraham,Jiménez,abraham.jiménez@yahoo.es,+34 921 321 618,2,4,6139838,2023-12-31
899,Viviana,Carro,viviana.carro@yahoo.es,+34 833 419 254,1,5,3193709,2024-09-24
900,Blanca,Castejón,blanca.castejón@gmail.com,+34874 020 386,4,3,5139530,2024-03-09
901,Alfonso,Roman,alfonso.roman@correo.com,+34856 166 176,4,2,4517261,2022-07-06
902,Marisa,Agullo,marisa.agullo@correo.com,+34800165713,4,4,9354152,2022-05-29
903,Evita,Salcedo,evita.salcedo@correo.com,+34 880 115 674,1,2,4230828,2021-11-14
904,Yésica,Suárez,yésica.suárez@empresa.com,+34947 492 219,5,1,5781792,2021-02-23
905,Graciela,Jove,graciela.jove@correo.com,+34 746370065,4,5,3425575,2020-11-12
906,Custodio,Bárcena,custodio.bárcena@outlook.com,+34845791094,2,2,6067440,2023-05-21
907,Alejandro,Barrera,alejandro.barrera@outlook.com,+34 927 97 20 17,4,1,5609343,2023-08-18
908,Anselmo,Arenas,anselmo.arenas@outlook.com,+34 928525610,3,2,5556136,2022-07-03
909,Severiano,Jurado,severiano.jurado@yahoo.es,+34 945534363,5,1,4872582,2025-04-30
910,Humberto,Peláez,humberto.peláez@empresa.com,+34925 918 288,3,5,3908392,2025-02-10
911,Carmelo,Torrens,carmelo.torrens@correo.com,+34948 92 09 32,1,4,9042938,2023-04-16
912,Alonso,Guzman,alonso.guzman@correo.com,+34711604819,4,5,4439189,2021-08-04
913,Rómulo,Bartolomé,rómulo.bartolomé@gmail.com,+34745 847 371,5,4,4114456,2025-05-02
914,Coral,Barrios,coral.barrios@correo.com,+34882 966 154,1,5,5076396,2023-07-31
915,Georgina,Gil,georgina.gil@gmail.com,+34980767834,3,5,5133594,2025-04-29
916,Victorino,Villanueva,victorino.villanueva@correo.com,+34 820 08 18 92,3,3,5401296,2024-08-28
917,María Teresa,Bayona,maría teresa.bayona@empresa.com,+34 871 056 916,4,4,6826695,2023-10-08
918,Lucho,Lopez,lucho.lopez@gmail.com,+34 871 783 782,2,2,3486972,2022-07-09
919,Telmo,Santamaría,telmo.santamaría@correo.com,+34975 977 756,4,5,4866806,2021-12-14
920,Asunción,Girón,asunción.girón@gmail.com,+34 925012491,3,4,8865789,2021-06-11
921,Chucho,Muñoz,chucho.muñoz@outlook.com,+34 811 79 07 84,3,1,6315499,2025-02-28
922,Yago,Lago,yago.lago@yahoo.es,+34 847066565,3,1,5422038,2021-12-30
923,Cecilio,Pino,cecilio.pino@yahoo.es,+34977512660,1,3,5269698,2024-04-14
924,Dionisio,Aguilera,dionisio.aguilera@outlook.com,+34910476673,4,2,3579807,2025-10-21
925,Lidia,Valbuena,lidia.valbuena@yahoo.es,+34848 365 520,5,3,4841464,2021-02-16
926,Marcos,Tomé,marcos.tomé@gmail.com,+34882992157,4,2,4102886,2021-07-01
927,Narcisa,Aguilera,narcisa.aguilera@empresa.com,+34980286392,1,5,5370421,2021-08-31
928,Domitila,Camino,domitila.camino@correo.com,+34 947923678,5,2,2709973,2024-11-15
929,Victorino,Casals,victorino.casals@empresa.com,+34 883563862,5,2,5357656,2022-02-25
930,Alberto,Olivares,alberto.olivares@correo.com,+34 846 409 538,2,1,5062518,2021-02-07
931,Bernarda,Melero,bernarda.melero@gmail.com,+34 719 53 15 62,1,2,2589437,2021-03-20
932,Teresa,Vizcaíno,teresa.vizcaíno@yahoo.es,+34 964 88 79 97,4,2,3481652,2025-02-26
933,Elvira,Millán,elvira.millán@correo.com,+34 886 62 10 68,1,4,7233720,2021-03-21
934,Zaira,Quirós,zaira.quirós@gmail.com,+34 944 228 014,5,2,3846414,2021-02-17
935,Toribio,Malo,toribio.malo@empresa.com,+34980 616 267,4,2,6024313,2024-03-15
936,Leonel,Ávila,leonel.ávila@correo.com,+34 945 50 99 49,2,5,3972252,2021-06-30
937,Mireia,Nevado,mireia.nevado@yahoo.es,+34975 430 670,4,1,5306388,2021-03-20
938,Bruno,Royo,bruno.royo@gmail.com,+34 945 03 35 64,2,2,5629146,2025-07-18
939,Prudencio,Manzano,prudencio.manzano@outlook.com,+34 985411475,3,2,4976850,2020-11-19
940,Saturnino,Benitez,saturnino.benitez@empresa.com,+34845 80 28 22,1,5,3081334,2025-03-03
941,Dora,Jordá,dora.jordá@empresa.com,+34901 873 569,5,2,4864544,2025-08-22
942,Fidela,Murillo,fidela.murillo@gmail.com,+34 882019997,3,2,3401702,2025-09-09
943,Ruperta,Roig,ruperta.roig@yahoo.es,+34 945334270,3,4,8903731,2021-05-03
944,Juan Manuel,Cuevas,juan manuel.cuevas@empresa.com,+34902 121 378,3,3,2924253,2024-02-04
945,María Pilar,Piña,maría pilar.piña@correo.com,+34818828002,1,5,4100314,2025-09-14
946,Jose Luis,Cisneros,jose luis.cisneros@gmail.com,+34 807 643 646,3,5,5727754,2021-05-10
947,Augusto,Angulo,augusto.angulo@correo.com,+34 810 95 00 78,3,5,4672892,2024-02-03
948,Francisco,Arcos,francisco.arcos@gmail.com,+34880 242 792,3,4,3563474,2022-01-30
949,Hilda,Alemán,hilda.alemán@yahoo.es,+34 923 25 86 25,3,3,3085480,2021-05-29
950,Odalis,Sanjuan,odalis.sanjuan@outlook.com,+34947409848,2,2,4382791,2024-08-11
951,Emiliana,Carro,emiliana.carro@gmail.com,+34 952312810,3,5,4119083,2021-01-24
952,Erasmo,Martí,erasmo.martí@outlook.com,+34842 01 06 69,3,1,6117591,2022-05-25
953,Albina,Luz,albina.luz@yahoo.es,+34725 298 732,1,4,5751611,2024-10-13
954,Susanita,Agudo,susanita.agudo@correo.com,+34 901276475,3,5,5232141,2024-06-22
955,Beatriz,Arias,beatriz.arias@outlook.com,+34880 27 13 72,4,5,4751967,2021-05-24
956,Felipe,Rodríguez,felipe.rodríguez@yahoo.es,+34888444283,2,5,3838320,2023-04-09
957,Remedios,Saez,remedios.saez@correo.com,+34 845 234 656,4,2,3555007,2021-05-20
958,Florencia,Niño,florencia.niño@outlook.com,+34988 196 521,5,3,4827898,2024-12-10
959,Salomé,Leiva,salomé.leiva@outlook.com,+34826 82 36 01,2,3,4562232,2023-05-09
960,Leticia,Guitart,leticia.guitart@yahoo.es,+34 927 795 329,3,2,5223192,2024-08-12
961,Visitación,Vélez,visitación.vélez@empresa.com,+34 823894080,5,3,3500529,2020-11-17
962,Hugo,Torrecilla,hugo.torrecilla@yahoo.es,+34949 85 14 55,4,4,8619465,2025-05-18
963,Dorotea,Avilés,dorotea.avilés@gmail.com,+34 878542607,5,5,4595241,2021-07-07
964,Hugo,Cazorla,hugo.cazorla@gmail.com,+34 887 94 51 45,5,4,8864837,2023-09-14
965,Susana,Pera,susana.pera@gmail.com,+34823 50 65 62,4,4,6555814,2021-12-02
966,Juan Bautista,Benavente,juan bautista.benavente@gmail.com,+34 841 699 914,2,2,2975698,2025-03-06
967,Natanael,Silva,natanael.silva@yahoo.es,+34975 67 50 68,4,4,9492620,2021-06-12
968,Alma,Amor,alma.amor@outlook.com,+34984 55 46 59,2,3,5343096,2020-11-05
969,Severiano,Hurtado,severiano.hurtado@gmail.com,+34 800 954 341,2,4,5289473,2021-06-25
970,Alexandra,Bustos,alexandra.bustos@yahoo.es,+34 985 63 26 94,3,1,4692275,2025-10-21
971,Teobaldo,Zamora,teobaldo.zamora@outlook.com,+34 974 486 772,2,2,4601247,2025-06-09
972,Nicolás,Saura,nicolás.saura@empresa.com,+34 969115393,4,1,4965411,2024-03-14
973,Leoncio,Mayo,leoncio.mayo@empresa.com,+34980 683 795,4,4,5908462,2025-07-12
974,Jerónimo,Yáñez,jerónimo.yáñez@empresa.com,+34 849 789 124,2,1,4764586,2022-11-26
975,Isidoro,Mateu,isidoro.mateu@yahoo.es,+34 971286411,5,1,6635870,2021-12-22
976,Cipriano,Nogueira,cipriano.nogueira@outlook.com,+34947455935,2,1,6164352,2021-11-09
977,Liliana,Barriga,liliana.barriga@outlook.com,+34 947 010 773,1,3,3276774,2022-12-17
978,Corona,Vallejo,corona.vallejo@empresa.com,+34872 49 73 07,2,5,4617824,2025-10-10
979,Ale,Mateos,ale.mateos@gmail.com,+34800 981 797,3,1,5335155,2024-01-19
980,Dafne,Cervantes,dafne.cervantes@empresa.com,+34984 01 19 94,3,5,4638629,2024-01-31
981,Imelda,Corral,imelda.corral@empresa.com,+34886 04 96 32,4,2,3736292,2025-07-03
982,Rómulo,Cabeza,rómulo.cabeza@yahoo.es,+34928290906,4,2,3077614,2024-09-23
983,Raimundo,Duarte,raimundo.duarte@gmail.com,+34 820 25 61 83,2,2,3297747,2022-11-27
984,Edgardo,Busquets,edgardo.busquets@outlook.com,+34 976 30 31 89,2,1,5973659,2021-10-16
985,Sebastián,Rodríguez,sebastián.rodríguez@gmail.com,+34945756579,1,3,4775042,2025-05-10
986,Ciriaco,Uribe,ciriaco.uribe@empresa.com,+34 878 98 74 65,5,3,5000860,2023-04-12
987,Cornelio,Ramis,cornelio.ramis@gmail.com,+34983 421 657,1,5,5714921,2024-08-26
988,Guiomar,Cortes,guiomar.cortes@gmail.com,+34828733811,4,1,6192832,2024-05-30
989,Gervasio,Cazorla,gervasio.cazorla@empresa.com,+34923122233,3,4,3947198,2023-12-24
990,Sabas,Bejarano,sabas.bejarano@empresa.com,+34988 007 739,1,2,3228021,2020-11-17
991,Palmira,Ródenas,palmira.ródenas@yahoo.es,+34 806 957 231,5,4,7402310,2025-06-10
992,Vidal,Arregui,vidal.arregui@yahoo.es,+34944 401 661,2,5,4663662,2021-09-08
993,Pascuala,Mínguez,pascuala.mínguez@empresa.com,+34 876 50 69 09,5,1,5802565,2022-11-25
994,Efraín,Rubio,efraín.rubio@gmail.com,+34980 08 12 56,1,3,2533007,2024-09-09
995,Esther,Pombo,esther.pombo@empresa.com,+34927 92 27 39,3,2,4722439,2024-11-09
996,Joel,Valero,joel.valero@correo.com,+34945 837 007,4,2,3792546,2024-06-29
997,Jesús,Aroca,jesús.aroca@yahoo.es,+34972 376 499,4,2,2612898,2023-08-02
998,Débora,Balaguer,débora.balaguer@outlook.com,+34874 53 80 23,1,4,5276465,2021-05-25
999,Soledad,Sevilla,soledad.sevilla@gmail.com,+34847 427 173,5,1,6668451,2021-11-23
1000,Aníbal,Sanabria,aníbal.sanabria@empresa.com,+34 863 30 95 19,5,2,5983299,2022-08-20
